Compound Id,Smiles,pIGC50
1,C(Cl)(Cl)(Cl)Cl,-0.16
2,C([N+](=O)[O-])Br,1.64
3,CO,-2.72
4,C(=O)NN,-0.87
5,C(=S)(N)N,-1.32
6,C(#N)C(Cl)(Cl)Cl,1.88
7,C(#N)C(Br)Br,2.4
8,C(#N)C(Cl)Cl,0.97
9,C(C#N)Br,2.23
10,C(C#N)Cl,0.85
11,C(C#N)I,2.47
12,C(=O)(C(Cl)(Cl)Cl)N,-0.29
13,CC#N,-2.28
14,C(C(Br)(Br)Br)O,0.11
15,C(C(Cl)(Cl)Cl)O,-0.46
16,C(C(=O)N)(Cl)Cl,-0.98
17,C(C(Cl)Cl)O,-0.99
18,C(C(=O)N)Br,1.52
19,C(C(=O)N)Cl,0.04
20,C(C(=O)N)I,1.85
21,COC=O,-1.5
22,C(CBr)O,-0.85
23,C(CCl)O,-1.42
24,C/C=N/O,-1.25
25,CC(=O)N,-2.32
26,COC(=O)N,-1.97
27,CCO,-2.24
28,CC(=O)NN,-1.38
29,CNC(=S)N,-1.37
30,CS(=O)C,-2.47
31,CS(=O)(=O)C,-2.2
32,C(CO)N,-1.01
33,C1(=C(N=C(N1)Br)Br)Br,1.43
34,C(C#N)C#N,0.22
35,C#CC(=O)O,-0.29
36,CC(C#N)Br,0.63
37,C(CBr)C#N,-0.5
38,CC(C#N)Cl,-0.86
39,C(CCl)C#N,-1.06
40,C1=CN=CN1,-1.0
41,C1=CNN=C1,-1.53
42,C=CC=O,1.65
43,C#CCO,-0.91
44,CC(=O)C(Cl)Cl,0.64
45,C(C(=O)CCl)Cl,2.05
46,C1COC1=O,-0.13
47,C=CC(=O)O,0.16
48,C(C(=O)O)C(=O)O,-0.71
49,C=CCBr,0.57
50,C=CCCl,-0.94
51,C=CCI,0.8
52,C#CCN,-0.83
53,CCC#N,-1.97
54,C=CC(=O)N,-0.8
55,C(C(C(=O)N)Br)Br,1.91
56,C(CBr)C(=O)O,-0.04
57,COC(=O)CBr,1.96
58,C(CCl)C(=O)O,-0.33
59,COC(=O)CCl,0.89
60,CCN=C=S,1.63
61,C=CCO,-1.92
62,CC(=O)C,-2.27
63,CCC=O,-0.63
64,C(C(CBr)O)Br,0.57
65,C(C(CBr)Br)O,-0.49
66,C(C(CCl)O)Cl,-0.79
67,CC(C(=O)N)Br,0.0
68,CC(C(=O)N)Cl,-1.44
69,C(CCl)C(=O)N,-1.59
70,CC(=O)OC,-1.92
71,CCC(=O)O,-0.51
72,CC(C)([N+](=O)[O-])Br,1.85
73,C(C(=O)N)C(=O)N,-2.15
74,CS(=O)(=O)C=C,0.99
75,CCCI,-0.39
76,CC(CBr)O,-1.19
77,C(CO)CBr,-0.93
78,CC(CCl)O,-1.49
79,C(CO)CCl,-1.4
80,CC(=NO)C,-1.25
81,CC(=O)NC,-1.98
82,CCC(=O)N,-2.09
83,C(C(CBr)O)O,-1.21
84,C(C(CCl)O)O,-1.63
85,CCC[N+](=O)[O-],-0.99
86,CCOC(=O)N,-1.65
87,CCCO,-1.8
88,CC(C)O,-1.94
89,CC(CO)O,-2.51
90,CNC(=S)NC,-1.11
91,CCNC(=S)N,-1.13
92,CCCN,-0.78
93,CC(C)N,-0.87
94,CC(CN)O,-0.89
95,CNCCO,-0.76
96,CC(CO)N,-0.82
97,C(CN)CO,-0.81
98,CC(CN)N,-0.56
99,C(CN)CN,-0.7
100,C1=NC(=C(C(=N1)Cl)[N+](=O)[O-])Cl,2.12
101,C1=C(SC(=C1)Br)Cl,0.75
102,C1=CSC(=C1Br)Cl,0.73
103,C1=C(SC(=C1)Br)[N+](=O)[O-],1.41
104,C1=COC=C1Br,-0.48
105,C1=COC(=C1)[N+](=O)[O-],0.74
106,C1=CSC(=C1)Br,0.09
107,C1=CSC=C1Br,-0.04
108,C1=CSC(=C1)Cl,-0.59
109,C#CCN=C=S,2.24
110,C1=CSC(=C1)[N+](=O)[O-],0.51
111,C(CC#N)C#N,-1.82
112,C1=CN=CC=N1,-1.85
113,C1=CC=NN=C1,-1.41
114,C1=CN=CN=C1,-1.75
115,CC(=O)C#C,1.69
116,C1=COC=C1,-1.65
117,COC(=O)C#C,1.77
118,C(C(=O)C(=O)CBr)Br,1.76
119,C1=C(C=NC(=N1)N)[N+](=O)[O-],-0.43
120,C1=CSC=C1,-1.44
121,CC#CCBr,1.28
122,C1=CNC=C1,-1.1
123,CC(=C)C#N,-1.65
124,C=CCC#N,-1.48
125,COC(=O)CC#N,-1.34
126,C=CCN=C=S,1.96
127,C1CC1N=C=S,1.85
128,C(/C=C/CBr)Br,1.92
129,C(/C=C/CCl)Cl,0.77
130,C(/C=C\CCl)Cl,1.02
131,C(CC#N)CBr,-0.67
132,C(CC#N)CCl,-0.93
133,CC1=NC=CN1,-0.91
134,C/C=C/C=O,0.88
135,CC(=C)C=O,0.67
136,CC#CCO,-1.11
137,CC(=O)C=C,1.5
138,C#CCCO,-1.84
139,CC(C#C)O,-0.4
140,C/C=C/C(=O)O,-0.54
141,CC1CC(=O)O1,-0.76
142,C(C#CCO)O,-1.54
143,C=CCC(=O)O,-0.64
144,CC(=O)C(=O)C,-0.23
145,CC(=O)OC=C,-0.86
146,COC(=O)C=C,0.55
147,C1CC(=O)OC1,-1.72
148,C(CC(=O)O)C(=O)O,-0.94
149,COC(=O)C(=O)OC,-0.81
150,C=CS(=O)(=O)C=C,1.41
151,CC(C)C#N,-1.68
152,CCCC#N,-1.44
153,CNCC#C,-0.98
154,CCC(=O)CBr,2.6
155,CC(C(=O)C)Br,1.85
156,CC(C(=O)C)Cl,0.27
157,CC(C)(C(=O)O)Br,-0.58
158,CCC(C(=O)O)Br,0.12
159,C(CC(=O)O)CBr,-0.77
160,CCOC(=O)CBr,2.68
161,CC(C(=O)OC)Br,1.18
162,COC(=O)CCBr,1.03
163,CCC(C(=O)O)Cl,-0.35
164,C(CC(=O)O)CCl,-0.68
165,CCOC(=O)CCl,1.06
166,CCOC(=O)CI,2.92
167,CCCN=C=S,1.7
168,CC(=C)CO,-1.66
169,CC(C)C=O,-0.48
170,CC=CCO,-1.47
171,C=CCCO,-1.7
172,CC(C=C)O,-1.05
173,CCC(=O)C,-1.84
174,CCCC=O,-0.47
175,CCC(C(=O)N)Cl,-1.22
176,C(/C=C\CO)O,-2.18
177,CC(C)C(=O)O,-0.33
178,CCCC(=O)O,-0.57
179,CCOC(=O)C,-1.54
180,CCC(=O)OC,-1.61
181,CCCOC=O,-1.24
182,CCS(=O)(=O)C=C,0.11
183,C1CSCCS1,-0.11
184,CC(C)CBr,-0.32
185,CCCCBr,-0.18
186,CCCCCl,-0.91
187,CCCCI,0.3
188,C(CCCl)CO,-0.76
189,CC(C)C(=O)N,-1.87
190,CC(=O)N(C)C,-1.95
191,CCC(=NO)C,-1.07
192,CCNC(=O)C,-1.7
193,CCC(=O)NC,-1.53
194,CCCC(=O)N,-1.79
195,CCCC[N+](=O)[O-],-0.69
196,CC(C)CO,-1.42
197,CC(C)(C)O,-1.79
198,CCCCO,-1.48
199,CCC(C)O,-1.59
200,CCCC(=O)NN,-0.97
201,CCC(CO)O,-2.05
202,CC(CCO)O,-2.3
203,C(CCO)CO,-2.24
204,CCSCC,-0.98
205,CCCNC(=S)N,-0.69
206,CCS(=O)(=O)CC,-1.84
207,CCOS(=O)OCC,-0.99
208,CCOS(=O)(=O)OCC,-0.7
209,CC(C)CN,-0.26
210,CC(C)(C)N,-0.9
211,CCCCN,-0.64
212,CCC(C)N,-0.74
213,CCN(C)C,-0.91
214,CCCNC,-0.81
215,CC(COC)N,-0.83
216,CCNCCO,-0.77
217,CC(C)(CO)N,-0.96
218,CCC(CO)N,-0.72
219,COCCCN,-0.77
220,C(CCO)CN,-0.98
221,C(CO)NCCO,-1.03
222,C1(=C(C(=NC(=C1Cl)Cl)Cl)Cl)Cl,1.7
223,C1(=C(C(=C(N=C1F)F)F)Br)F,-0.13
224,C1(=C(C(=NC(=C1F)F)F)F)F,0.7
225,C1=C(C(=NC(=C1F)F)F)F,-0.61
226,C1(=C(NC(=C(C1=S)Cl)Cl)Cl)Cl,1.37
227,C1=C(C=NC(=C1Cl)Cl)Cl,0.34
228,C1(=C(C(=NC(=C1Cl)F)F)Cl)N,0.6
229,C1=CC(=NC(=C1[N+](=O)[O-])Cl)Cl,2.03
230,C1=C(C=NC(=C1[N+](=O)[O-])Cl)[N+](=O)[O-],2.54
231,C1=C(SC(=C1)Cl)C#N,-0.08
232,C1=CC(=NC(=C1)Br)Br,0.25
233,C1=C(C=NC=C1Br)Br,0.32
234,C1=COC(=C1)C#N,-0.71
235,C1=C(OC(=C1)Br)C=O,0.13
236,C1=C(OC(=C1)Cl)C=O,0.07
237,C1=C(OC(=C1)I)C=O,0.33
238,C1=CC(=NC=C1[N+](=O)[O-])Br,1.07
239,C1=CC(=C(N=C1)Cl)[N+](=O)[O-],0.87
240,C1=CC(=NC=C1[N+](=O)[O-])Cl,0.8
241,C1=C(OC(=C1)[N+](=O)[O-])C=O,2.23
242,C1=CSC(=C1)C#N,-0.76
243,C1=C(SC(=C1)Cl)C=O,0.62
244,C1=C(SC(=C1)[N+](=O)[O-])C=O,1.98
245,C1=CC=NC(=C1)Br,-0.54
246,C1=CC(=CN=C1)Br,-0.51
247,C1=CN=CC=C1Br.Cl,-0.43
248,C1=CC=NC(=C1)Cl,-0.8
249,C1=CC(=CN=C1)Cl,-0.63
250,C1=CN=CC=C1Cl.Cl,-0.86
251,C1=CC=NC(=C1)F,-1.2
252,C1=CNC(=C1)C#N,-0.58
253,C1=C(C=NC(=C1Br)N)Br,0.85
254,C1=C(C=NC(=C1Cl)N)Cl,1.46
255,C1=C2C(=NC=N1)N=CN2,-0.79
256,C1=CC(=C(N=C1)Br)O,0.08
257,C1=CC(=C(N=C1)Cl)O,-0.03
258,C1=CC(=O)NC=C1Cl,-0.75
259,C1=C(C=NC=C1Cl)O,0.1
260,C1=CC(=O)NC(=C1)Cl,-0.29
261,C1=COC(=C1)C=O,-0.1
262,C1=COC=C1C=O,0.0
263,C1=C(C(=O)NC=C1Cl)O,0.57
264,C1=CN=CC=C1[N+](=O)[O-],0.44
265,C1=CC(=C(N=C1)[N+](=O)[O-])O,0.87
266,C1=CSC(=C1)C=O,-0.05
267,C1=CSC=C1C=O,0.4
268,C1=CC=NC=C1,-1.26
269,C1=CC(=NC=C1Br)N,0.5
270,C1=CC(=C(N=C1)Cl)N,-0.71
271,C1=CC(=NC=C1Cl)N,-0.03
272,C1=CC(=NC=C1N)Cl,0.17
273,C1=CNC=C1C=O,-0.48
274,C1=CC(=O)NC=C1,-1.61
275,C1=CC(=CN=C1)O,-0.73
276,C1=CNC=CC1=O,-1.59
277,C1=COC(=C1)C(=O)N,-1.44
278,C1=CNC(=O)C(=C1)O,-0.34
279,C1=CNC(=O)C=C1O,-1.46
280,C1=CC(=C(N=C1)N)[N+](=O)[O-],-0.01
281,C1=CC(=NC=C1[N+](=O)[O-])N,0.22
282,CC1=C(SC=C1)Br,0.62
283,CC1=CC=C(S1)Br,0.65
284,C1=CSC(=C1)C(=O)N,-0.97
285,CC1=NC=CN=C1,-1.09
286,C(CC#N)CC#N,-1.64
287,C1=CC=NC(=C1)N,-0.62
288,C1=CC(=CN=C1)N,-0.48
289,C1=CN=CC=C1N,-0.44
290,CC1=CC(=NC(=N1)N)Cl,-0.47
291,C1CC(=O)C=C1,0.64
292,C#CC=CCO,-0.55
293,C1=CC(=C(N=C1)N)O,0.05
294,CC1=C(N=CN1)C=O,-0.93
295,C=CC(=O)OC=C,1.42
296,CCOC(=O)C#C,1.7
297,CC#CC(=O)OC,0.4
298,CC(=O)OCC#C,-1.17
299,CC1=CSC=C1,-0.7
300,C(CN=C=S)CN=C=S,2.89
301,C#CCCCCl,-0.49
302,C/C=C/CC#N,-0.95
303,C1=CC(=C(N=C1)N)N,-0.11
304,C1=CC(=NC(=C1)N)N,-0.59
305,CC(=O)C(C(=O)C)Cl,1.44
306,CCOC(=O)CC#N,-1.23
307,C(CCBr)CC#N,-0.21
308,C(CCCl)CC#N,-0.63
309,C/C=C(\C)/C=O,-0.14
310,CC/C=C/C=O,0.66
311,CC(C)(C#C)O,-1.4
312,CCC(=C)C=O,0.91
313,CC(=CC=O)C,0.09
314,CCC(=O)C=C,1.49
315,CCC(C#C)O,-1.18
316,CCC#CCO,-0.57
317,CC=CC(=O)C,0.54
318,C/C=C/C(=O)C,-1.27
319,CC#CCCO,-1.46
320,C#CCCCO,-1.63
321,CC/C=C/C(=O)O,-0.28
322,CC1CCOC1=O,-1.19
323,CC1CCC(=O)O1,-1.61
324,CCC(=O)OC=C,-0.65
325,CCOC(=O)C=C,0.52
326,C/C=C/C(=O)OC,-0.92
327,CC(=C)C(=O)OC,-1.28
328,C=CCCC(=O)O,0.22
329,CCC(=O)C(=O)C,-0.16
330,CC(=O)CC(=O)C,-0.27
331,CC(=C)OC(=O)C,-0.49
332,CC(=O)OCC=C,0.48
333,CCOC(=O)C(CBr)Br,2.21
334,C=CC(=O)OCCO,0.69
335,COC(=O)CC(=O)OC,-1.29
336,C(CC(=O)O)CC(=O)O,-0.64
337,CC/C=C/CBr,0.77
338,C=CCCCBr,0.01
339,C1CCC(C1)Cl,-0.35
340,CC(C)(C)C#N,-1.33
341,CC(C)(C#C)N,-0.91
342,CC(C)CC#N,-0.88
343,CN(C)CC#C,-1.15
344,CCCCC#N,-1.01
345,CCCCC(=O)Cl,-0.34
346,CN(C)C(=O)C=C,-1.24
347,CC(C)C(C(=O)O)Br,-0.55
348,CCCC(C(=O)O)Br,-0.04
349,C(CCBr)CC(=O)O,-0.69
350,CCOC(=O)C(C)Br,1.06
351,CCOC(=O)CCBr,-0.13
352,CCC(C(=O)OC)Br,1.02
353,COC(=O)CCCBr,0.07
354,CCCOC(=O)CBr,2.31
355,C(CCCl)CC(=O)O,-0.29
356,CCOC(=O)C(C)Cl,-0.43
357,CCOC(=O)CCCl,-0.5
358,CCCOC(=O)CCl,1.18
359,CC(C)CN=C=S,1.64
360,CCCCN=C=S,1.72
361,CC(C)(C)N=C=S,-0.64
362,CCC(C)N=C=S,1.11
363,CC/C=C\CO,-1.12
364,CC(C)(C=C)O,-1.39
365,CCC(C)C=O,-0.36
366,CC(=CCO)C,-1.24
367,CC(=C)CCO,-1.18
368,CC(C)C(=O)C,-1.26
369,CC(C)CC=O,-0.38
370,CCC(C=C)O,-1.35
371,CC=CC(C)O,-1.4
372,C=CCCCO,-1.23
373,CC(CC=C)O,-1.52
374,CCCC(=O)C,-1.4
375,CCC(=O)CC,-1.53
376,CCCCC=O,-0.07
377,CC(C)(C)C(=O)O,-0.25
378,CC(C)COC=O,-1.32
379,CC(C)CC(=O)O,-0.34
380,CCCCOC=O,-1.04
381,CCC(=O)OCC,-1.04
382,CCCC(=O)OC,-1.25
383,CCCCC(=O)O,-0.27
384,CC(C)OC(=O)C,-1.59
385,CCCOC(=O)C,-1.29
386,CC(C)(C)OC=O,-0.89
387,CC(C)CCBr,0.25
388,CCCCCBr,0.48
389,CCCC(C)Br,0.21
390,CCCCCCl,0.17
391,CC(C)(CO)CBr,-0.46
392,CC(C)(CO)CCl,-0.78
393,CC(C)(C)C(=O)N,-1.48
394,CC(C)CC(=O)N,-1.66
395,CCC(=O)N(C)C,-1.54
396,CCCNC(=O)C,-1.5
397,CCCCC[N+](=O)[O-],-0.36
398,CCCCOC(=O)N,-0.97
399,CCCCC,-0.2
400,CN1CCNCC1,-0.96
401,CC(C)(C)CO,-0.92
402,CCC(C)CO,-1.04
403,CCC(C)(C)O,-1.22
404,CC(C)CCO,-1.08
405,CC(C)C(C)O,-1.04
406,CCCCCO,-1.07
407,CCCC(C)O,-1.2
408,CCC(CC)O,-1.29
409,CCCC(CO)O,-1.63
410,C(CCO)CCO,-1.93
411,CN(C)C(=S)N(C)C,-0.85
412,CCNC(=S)NCC,-0.76
413,CCCCNC(=S)N,-0.19
414,CCC(C)CN,-0.48
415,CCC(C)(C)N,-0.7
416,CC(C)CCN,-0.58
417,CC(C)C(C)N,-0.71
418,CCCCNC,-0.68
419,CCN(C)CC,-0.76
420,CCCCCN,-0.55
421,CCCC(C)N,-0.69
422,CCC(CC)N,-0.81
423,CCCNCCO,-0.77
424,CC(C)C(CO)N,-0.59
425,CCCC(CO)N,-0.67
426,CC(C)(CN)CO,-0.92
427,CCOCCCN,-0.76
428,C(CCN)CCO,-0.99
429,CN(CCO)CCO,-1.06
430,C1(=C(C(=O)C(=C(C1=O)Cl)Cl)Cl)Cl,1.54
431,C1(=C(C(=C(C(=C1F)F)F)F)F)[N+](=O)[O-],2.43
432,C1(=C(C(=C(C(=C1Cl)Cl)[N+](=O)[O-])Cl)Cl)[N+](=O)[O-],2.78
433,C1(=C(C(=C(C(=C1Br)Br)Br)Br)Br)O,2.66
434,C1(=C(C(=C(C(=C1Cl)Cl)Cl)Cl)Cl)O,2.38
435,C1(=C(C(=C(C(=C1F)F)F)F)F)O,1.64
436,C1=C(C(=C(C(=C1Cl)Cl)Cl)Cl)[N+](=O)[O-],1.79
437,C1=C(C(=C(C(=C1Cl)Cl)[N+](=O)[O-])Cl)Cl,1.65
438,C1=C(C(=C(C(=C1F)F)F)[N+](=O)[O-])F,1.87
439,C1=C(C(=C(C(=C1Cl)Cl)[N+](=O)[O-])Cl)[N+](=O)[O-],2.6
440,C1=C(C(=CC(=C1Cl)Cl)Cl)Cl,2.0
441,C1(=C(C(=C(C(=C1F)F)F)F)F)N,0.23
442,C1=C(C(=C(C(=C1Cl)Cl)Cl)Cl)O,2.36
443,C1=C(C(=C(C(=C1Cl)Cl)Cl)O)Cl,2.18
444,C1=C(C(=C(C(=C1Cl)Cl)O)Cl)Cl,2.22
445,C1=C(C(=C(C(=C1F)F)O)F)F,1.17
446,C1(=C(C(=C(C(=C1Br)Br)Br)Br)O)O,0.98
447,C1=C(C(=O)C=C(C1=O)Cl)Cl,2.61
448,C1(=C(C(=C(C(=C1Cl)Cl)Cl)Cl)O)O,1.7
449,C1(=C(C(=C(C(=C1Cl)Cl)O)Cl)Cl)O,2.25
450,C1(=C(C(=C(C(=C1F)F)O)F)F)O,1.84
451,C1=CC(=C(C(=C1[N+](=O)[O-])Cl)Cl)Cl,1.51
452,C1=C(C=C(C(=C1Cl)Cl)Cl)[N+](=O)[O-],1.55
453,C1=C(C(=CC(=C1Cl)Cl)Cl)[N+](=O)[O-],1.53
454,C1=C(C=C(C(=C1Cl)[N+](=O)[O-])Cl)Cl,1.43
455,C1=CC(=C(C(=C1[N+](=O)[O-])F)F)F,1.89
456,C1=C(C(=CC(=C1Cl)Cl)[N+](=O)[O-])[N+](=O)[O-],2.21
457,C1=C(C=C(C(=C1[N+](=O)[O-])[N+](=O)[O-])Cl)Cl,2.51
458,C1=C(C(=CC(=C1[N+](=O)[O-])Cl)Cl)[N+](=O)[O-],2.65
459,C1=C(C(=CC(=C1[N+](=O)[O-])F)F)[N+](=O)[O-],2.08
460,C1=CC(=C(C(=C1)Br)Cl)Cl,1.3
461,C1=CC(=C(C(=C1)Cl)Br)Cl,1.34
462,C1=CC(=C(C(=C1)Cl)Cl)Cl,1.21
463,C1=CC(=C(C=C1Cl)Cl)Cl,1.12
464,C1=C(C=C(C=C1Cl)Cl)Cl,0.87
465,C1=C(C(=C(C(=C1Cl)Cl)Cl)Cl)N,1.96
466,C1=C(C(=C(C(=C1Cl)Cl)N)Cl)Cl,1.81
467,C1=C(C=C(C(=C1Br)O)Br)Br,1.85
468,C1=C(C=C(C(=C1Cl)O)Cl)Br,1.78
469,C1=C(C=C(C(=C1O)Cl)Cl)Cl,2.37
470,C1=C(C(=CC(=C1Cl)Cl)Cl)O,2.1
471,C1=C(C=C(C(=C1Cl)O)Cl)Cl,1.55
472,C1=C(C=C(C(=C1Cl)O)Cl)F,0.8
473,C1=C(C=C(C(=C1I)O)I)I,2.67
474,C1=C(C(=C(C(=C1Br)O)Br)O)Br,1.06
475,C1=CC(=O)C(=CC1=O)Cl,2.06
476,C1=CC(=C(C=C1Br)[N+](=O)[O-])Br,1.37
477,C1=CC(=C(C(=C1)Cl)Cl)[N+](=O)[O-],1.07
478,C1=CC(=C(C=C1[N+](=O)[O-])Cl)Cl,1.16
479,C1=C(C=C(C=C1Cl)Cl)[N+](=O)[O-],1.13
480,C1=CC(=C(C=C1Cl)[N+](=O)[O-])Cl,1.13
481,C1=CC(=C(C=C1Cl)Cl)[N+](=O)[O-],0.99
482,C1=CC(=C(C=C1[N+](=O)[O-])Cl)F,0.8
483,C1=CC(=C(C=C1F)[N+](=O)[O-])F,0.39
484,C1=C(C=C(C=C1F)I)[N+](=O)[O-],1.09
485,C1=C(C=C(C(=C1Br)O)Br)[N+](=O)[O-],1.36
486,C1=C(C=C(C(=C1[N+](=O)[O-])O)Cl)Cl,1.75
487,C1=C(C=C(C(=C1Cl)O)Cl)[N+](=O)[O-],0.64
488,C1=C(C=C(C(=C1[N+](=O)[O-])O)F)Br,1.62
489,C1=C(C=C(C(=C1I)O)I)[N+](=O)[O-],1.76
490,C1=CC(=C(C=C1[N+](=O)[O-])[N+](=O)[O-])Br,2.31
491,C1=CC(=C(C=C1[N+](=O)[O-])[N+](=O)[O-])Cl,2.07
492,C1=CC(=C(C=C1[N+](=O)[O-])[N+](=O)[O-])F,1.71
493,C1=CC(=C(C=C1[N+](=O)[O-])[N+](=O)[O-])I,2.12
494,C1=C(C=C(C(=C1[N+](=O)[O-])O)[N+](=O)[O-])[N+](=O)[O-],-0.16
495,C1=CSC(=C1)C(=O)C(F)(F)F,-0.1
496,C1=CC(=CC=C1Br)Br,0.68
497,C1=CC(=CC=C1Cl)Br,0.56
498,C1=CC=C(C(=C1)Cl)Cl,1.26
499,C1=CC(=CC(=C1)Cl)Cl,0.56
500,C1=CC(=CC=C1Cl)Cl,0.53
501,C1=CC(=CC=C1F)Br,0.11
502,C1=CC(=CC=C1Br)I,0.35
503,C1=C(C=C(C(=C1Br)N)Br)Cl,1.52
504,C1=CC(=C(C(=C1N)Cl)Cl)Cl,1.27
505,C1=C(C(=CC(=C1Cl)Cl)Cl)N,1.3
506,C1=C(C=C(C(=C1Cl)N)Cl)Cl,1.01
507,C1=C(C=C(C(=C1Cl)Cl)Cl)N,1.51
508,C1=CC=NC(=C1)C#N,-0.81
509,C1=CC(=CN=C1)C#N,-0.75
510,C1=CN=CC=C1C#N,-0.82
511,C1=CC(=C(C=C1Br)Br)O,1.4
512,C1=CC(=C(C(=C1)Cl)Cl)O,1.28
513,C1=CC(=C(C=C1Cl)Cl)O,1.04
514,C1=CC(=C(C=C1Cl)O)Cl,1.13
515,C1=CC(=C(C(=C1)Cl)O)Cl,0.74
516,C1=CC(=C(C=C1O)Cl)Cl,1.74
517,C1=C(C=C(C=C1Cl)Cl)O,1.57
518,C1=CC(=C(C=C1O)Cl)F,1.0
519,C1=CC(=C(C=C1F)F)O,0.6
520,C1=CC(=C(C(=C1)F)O)F,0.43
521,C1=CC(=O)C=CC1=O,2.33
522,C1=C(C(=CC(=C1Br)O)Br)O,1.55
523,C1=C(C(=CC(=C1Cl)O)Cl)O,1.67
524,C1=C(C=C(C(=C1O)O)Cl)Cl,1.37
525,C1=C(C(=CC(=C1Cl)Cl)O)O,1.32
526,C1=C(C(=CC(=C1O)Cl)Cl)O,0.97
527,C1=CC=C(C(=C1)[N+](=O)[O-])Br,0.81
528,C1=CC(=CC(=C1)Br)[N+](=O)[O-],1.12
529,C1=CC(=CC=C1[N+](=O)[O-])Br,0.42
530,C1=CC=C(C(=C1)[N+](=O)[O-])Cl,0.57
531,C1=CC(=CC(=C1)Cl)[N+](=O)[O-],0.73
532,C1=CC(=CC=C1[N+](=O)[O-])Cl,0.48
533,C1=CC=C(C(=C1)[N+](=O)[O-])F,0.23
534,C1=CC(=CC(=C1)F)[N+](=O)[O-],0.2
535,C1=CC(=CC=C1[N+](=O)[O-])F,0.09
536,C1=C(C=C(C(=C1[N+](=O)[O-])N)Br)Br,1.4
537,C1=C(C=C(C(=C1Br)N)Br)[N+](=O)[O-],1.22
538,C1=C(C(=CC(=C1Cl)Cl)[N+](=O)[O-])N,1.69
539,C1=C(C(=CC(=C1F)F)[N+](=O)[O-])N,0.76
540,C1=CC2=NNN=C2C=C1[N+](=O)[O-],0.75
541,C1=CC(=C(C=C1Br)[N+](=O)[O-])O,1.87
542,C1=CC(=C(C=C1[N+](=O)[O-])Cl)O,1.38
543,C1=CC(=C(C=C1Cl)[N+](=O)[O-])O,1.96
544,C1=CC(=C(C=C1O)[N+](=O)[O-])Cl,1.27
545,C1=CC(=C(C=C1[N+](=O)[O-])F)O,1.07
546,C1=CC(=C(C=C1O)F)[N+](=O)[O-],0.94
547,C1=CC(=C(C=C1F)[N+](=O)[O-])O,1.38
548,C1=CC(=C(C=C1F)O)[N+](=O)[O-],1.13
549,C1=C(C(=O)C=C(C1=O)O)O,-0.05
550,C1=CC=C(C(=C1)[N+](=O)[O-])[N+](=O)[O-],1.27
551,C1=CC(=CC(=C1)[N+](=O)[O-])[N+](=O)[O-],0.83
552,C1=CC(=CC=C1[N+](=O)[O-])[N+](=O)[O-],1.33
553,C1=C(C=C(C(=C1[N+](=O)[O-])N)Br)[N+](=O)[O-],1.24
554,C1=C(C=C(C(=C1[N+](=O)[O-])N)Cl)[N+](=O)[O-],1.17
555,C1=C(C=C(C(=C1[N+](=O)[O-])N)[N+](=O)[O-])Cl,1.15
556,C1=C(C(=CC(=C1F)[N+](=O)[O-])[N+](=O)[O-])N,1.69
557,C1=CC(=C(C(=C1)O)[N+](=O)[O-])[N+](=O)[O-],0.46
558,C1=CC(=C(C=C1[N+](=O)[O-])[N+](=O)[O-])O,1.08
559,C1=CC(=C(C=C1[N+](=O)[O-])O)[N+](=O)[O-],0.99
560,C1=CC(=C(C(=C1)[N+](=O)[O-])O)[N+](=O)[O-],0.65
561,C1=CC(=C(C=C1O)[N+](=O)[O-])[N+](=O)[O-],0.32
562,C1=C(C=C(C=C1[N+](=O)[O-])O)[N+](=O)[O-],1.39
563,C1=C(C(=C(C(=C1[N+](=O)[O-])O)O)O)[N+](=O)[O-],1.18
564,C1=CC2=NSN=C2C=C1,-0.09
565,C1=CC=C(C=C1)Br,0.08
566,C1=CC=C(C=C1)Cl,0.1
567,C1=CC=C(C=C1)I,0.36
568,C1=CC(=C(C(=C1)Br)N)Br,0.9
569,C1=CC(=C(C(=C1)Cl)Cl)N,1.21
570,C1=CC(=C(C=C1Cl)Cl)N,0.56
571,C1=CC(=C(C=C1Cl)N)Cl,0.58
572,C1=CC(=C(C(=C1)Cl)N)Cl,0.33
573,C1=CC(=C(C=C1N)Cl)Cl,1.26
574,C1=C(C=C(C=C1Cl)Cl)N,0.71
575,C1=CC2=NNN=C2C=C1,-0.42
576,C1=CC2=C(N=C1)N=CN2,-0.71
577,C1=CC=C(C(=C1)O)Br,0.42
578,C1=CC(=CC(=C1)Br)O,1.15
579,C1=CC(=CC=C1O)Br,0.68
580,C1=CC=C(C(=C1)O)Cl,0.23
581,C1=CC(=CC(=C1)Cl)O,0.91
582,C1=CC(=CC=C1O)Cl,0.55
583,C1=CC=C(C(=C1)O)F,0.23
584,C1=CC(=CC(=C1)F)O,0.43
585,C1=CC(=CC=C1O)F,0.02
586,C1=CC(=CC(=C1)I)O,1.12
587,C1=CC(=CC=C1O)I,0.85
588,C1=CC=NC(=C1)C=O,-0.11
589,C1=CC(=CN=C1)C=O,-0.53
590,C1=CN=CC=C1C=O,-0.19
591,C1=C(C=C(C(=C1Br)O)Br)N,1.55
592,C1=C(C=C(C(=C1Cl)O)Cl)N,1.29
593,C1=CC(=C(C=C1O)Br)O,1.68
594,C1=CC(=C(C=C1O)Cl)O,1.09
595,C1=CC(=C(C=C1Cl)O)O,1.08
596,C1=CC(=C(C=C1O)O)Cl,0.13
597,C1=CC(=C(C(=C1)F)O)O,0.92
598,C1=CC(=CC=C1N=O)O,0.65
599,C1=CC=C(C=C1)[N+](=O)[O-],0.08
600,C1=CC=NC(=C1)C(=O)O,0.07
601,C1=CC(=CN=C1)C(=O)O,-1.36
602,C1=CN=CC=C1C(=O)O,-1.38
603,CC1=C(C(=NC=C1)Cl)[N+](=O)[O-],0.29
604,CC1=CC(=NC=C1[N+](=O)[O-])Cl,0.42
605,C1=CC(=C(C=C1[N+](=O)[O-])Cl)N,0.75
606,C1=CC(=C(C=C1[N+](=O)[O-])N)Cl,0.6
607,C1=COC(=C1)/C=C/[N+](=O)[O-],2.04
608,C1=CC=C(C(=C1)[N+](=O)[O-])O,0.72
609,C1=CC(=CC(=C1)O)[N+](=O)[O-],0.51
610,C1=CC(=CC=C1[N+](=O)[O-])O,1.68
611,C1=C(C(=CC(=C1Cl)[N+](=O)[O-])O)N,1.18
612,C1=C(C=C(C(=C1N)O)Cl)[N+](=O)[O-],1.2
613,COC1=NC(=C(C=C1)[N+](=O)[O-])Cl,1.36
614,C1=CC(=C(C(=C1)O)[N+](=O)[O-])O,0.66
615,C1=CC(=C(C=C1[N+](=O)[O-])O)O,1.17
616,C1=CC(=C(C=C1[N+](=O)[O-])[N+](=O)[O-])N,0.62
617,C1=CC(=C(C(=C1)[N+](=O)[O-])N)[N+](=O)[O-],0.89
618,C1=C(C=C(C=C1[N+](=O)[O-])[N+](=O)[O-])N,0.94
619,C1=CSC=C1C(=O)CBr,2.22
620,C1=CC=CC=C1,-0.57
621,C1=CC=C(C(=C1)N)Br,0.46
622,C1=CC(=CC(=C1)Br)N,0.49
623,C1=CC(=CC=C1N)Br,1.01
624,CC1=NC(=CC=C1)Cl,-0.45
625,C1=CC=C(C(=C1)N)Cl,-0.17
626,C1=CC(=CC(=C1)Cl)N,0.11
627,C1=CC(=CC=C1N)Cl,0.7
628,C1=CC=C(C(=C1)N)F,-0.34
629,C1=CC(=CC(=C1)F)N,-0.03
630,C1=CC(=CC=C1N)F,0.59
631,C1=CC=C(C(=C1)N)I,0.35
632,C1=CC(=CC(=C1)I)N,0.61
633,C1=CC=C(C=C1)O,-0.35
634,C1=CC(=C(C=C1Cl)N)O,0.78
635,C1=CC(=C(C=C1O)N)Cl,0.1
636,C1=CC(=C(C=C1N)Cl)O,0.72
637,C1=CN=CC=C1C=NO,-0.55
638,C1=CN=CC=C1C(=O)N,-1.02
639,CC(=O)C1=CC=CO1,-1.04
640,CC1=CC=C(O1)C=O,-0.03
641,C1=CC=C(C(=C1)O)O,0.52
642,C1=CC(=CC(=C1)O)O,-0.65
643,C1=CC(=CC=C1O)O,0.37
644,C=CC(=O)OCC#C,1.06
645,C1=CC=C(C(=C1)N)[N+](=O)[O-],0.38
646,C1=CC(=CC(=C1)[N+](=O)[O-])N,0.03
647,C1=CC(=CC=C1N)[N+](=O)[O-],1.5
648,C1=CC(=C(C(=C1)O)O)O,0.85
649,C1=CC(=C(C=C1O)O)O,0.44
650,C1=C(C=C(C=C1O)O)O.O.O,-1.26
651,COC(=O)C1=CC=CO1,-0.85
652,C1=CC(=C(C=C1[N+](=O)[O-])N)O,0.48
653,COC1=NC=C(C=C1)[N+](=O)[O-],-0.01
654,C1=CC(=C(C=C1N)[N+](=O)[O-])O,0.93
655,CC1=C(C(=O)NC=C1)[N+](=O)[O-],-0.59
656,CC1=CC(=O)NC=C1[N+](=O)[O-],-0.17
657,CC1=NC(=C(C=C1)O)[N+](=O)[O-],0.39
658,COC(=O)C#CC(=O)OC,2.48
659,C1=CC=C(C=C1)S,1.66
660,CC(=O)C1=CC=CS1,-0.59
661,CC1=CC=CC=N1,-1.02
662,CC1=CN=CC=C1,-0.99
663,CC1=CC=NC=C1,-0.89
664,C1=CC=C(C=C1)N,-0.07
665,CC(=O)C1=CC=CN1,-0.91
666,CC(=O)C1=CNC=C1,-0.85
667,C1=CC=C(C(=C1)N)O,0.94
668,C1=CC(=CC(=C1)O)N,-0.53
669,C1=CC(=CC=C1N)O,-0.08
670,CC1=CC=CC(=O)N1,-1.35
671,CC1=NC=C(C=C1)O,-0.88
672,C1=CC=NC(=C1)CO,-1.48
673,C1=CC(=CN=C1)CO,-1.49
674,C1=CN=CC=C1CO,-1.33
675,C=CCOC(=O)CC#N,-0.79
676,C1=CC(=C(C=C1N)[N+](=O)[O-])N,0.19
677,CC1=C(C(=NC=C1)N)[N+](=O)[O-],0.5
678,CC1=CC(=NC=C1[N+](=O)[O-])N,0.37
679,C1=CC(=C(C=C1[N+](=O)[O-])N)N,0.52
680,C1=CC(=C(C=C1S(=O)(=O)O)N)O,-1.05
681,CC1=NC=CN=C1C,-0.87
682,CC1=C(N=CC=C1)N,-0.57
683,C1=CC=C(C(=C1)N)N,0.35
684,C1=CC(=CC(=C1)N)N,-0.58
685,C1=CC(=CC=C1N)N,0.16
686,C(CCC#N)CC#N,-1.54
687,C/C=C/C=C/C=O,0.75
688,CC1=C(OC=C1)C,-0.51
689,CC1=CC=C(O1)C,-0.48
690,CCC1=CC=CO1,-0.52
691,CC1=CCCC1=O,-0.83
692,CC1=CC(=O)CC1,-1.32
693,CCC#CC(=O)C,1.29
694,C1=CC(=C(C=C1N)N)O.Cl.Cl,0.13
695,CC#CCOC(=O)C,-0.88
696,C1CC(=O)CCC1=O,-1.67
697,CC=CC(=O)OC=C,-0.15
698,CC(=C)C(=O)OC=C,-0.62
699,CCOC(=O)C#CC,0.51
700,C=CCOC(=O)C=C,0.68
701,CCC(=O)OCC#C,-0.66
702,CC(C(=O)C(=O)C(C)Br)Br,2.17
703,COC(=O)/C=C\C(=O)OC,0.33
704,CCC1=CC=CS1,-0.43
705,C(CCN=C=S)CN=C=S,3.1
706,CC1=C(OC(=N1)C)C,-1.01
707,CC(C)OC(=O)CC#N,-0.95
708,C1CCC(C1)N=C=S,1.6
709,C1CCC=CC1,-0.01
710,CC1CCCC1=O,-1.2
711,CCC=C(C)C=O,-0.39
712,CCC(C)(C#C)O,-1.32
713,CC=C(C)C(=O)C,-0.34
714,CC(C)C(C#C)O,-0.03
715,CC(C)C=CC=O,0.82
716,CC(=CC(=O)C)C,-0.64
717,C1CCC(=O)CC1,-1.23
718,CCCC(=O)C=C,1.66
719,CCCC(C#C)O,0.66
720,CCCC=CC=O,0.77
721,CCCC#CCO,-0.38
722,CCC#CCCO,-1.03
723,CCC#CC(C)O,0.56
724,CCC(=O)C=CC,0.93
725,CCC(C#CC)O,-0.19
726,CC(=O)CCC=C,-1.14
727,C#CCCCCO,-1.27
728,CCC(CC#C)O,-1.4
729,C=CCC(C=C)O,0.25
730,C/C=C/COC(=O)C,-0.87
731,CCC/C=C/C(=O)O,-0.13
732,CC/C=C/CC(=O)O,-0.22
733,CCC1CCC(=O)O1,-1.24
734,CCCC(=O)OC=C,-0.38
735,CCOC(=O)/C=C/C,-0.76
736,CCOC(=O)C(=C)C,-0.93
737,CC(C#CC(C)O)O,-0.46
738,CCCC(=O)C(=O)C,-0.21
739,CC(=O)CCC(=O)C,-1.4
740,CCC(=O)C(=O)CC,-0.01
741,C/C=C(\C)/C(=O)OC,-0.7
742,CC=CCC(=O)OC,-0.28
743,CC(=CC(=O)OC)C,-1.06
744,C1CCC(=O)OCC1,-1.26
745,CCC(=O)OCC=C,-0.88
746,CCCOC(=O)C=C,0.53
747,CCOC(=O)C(C(C)Br)Br,1.44
748,CC(=C)C(=O)OCCO,-1.08
749,CC(COC(=O)C=C)O,0.65
750,COC(=O)CCC(=O)OC,-1.06
751,CCOC(=O)C(=O)OCC,-0.86
752,C(CCC(=O)O)CC(=O)O,-0.61
753,C=CCSCC=C,-0.31
754,CC(C)CCC#N,-0.78
755,CCCCCC#N,-0.38
756,CC(C)(C)C(=O)CBr,2.38
757,CC(C)(C)C(=O)CCl,1.27
758,CCCCCC(=O)Cl,0.34
759,CC(C)NC(=O)C=C,-1.31
760,C1CCC(=NO)CC1,-0.8
761,CCCCC(C(=O)O)Br,0.45
762,CC(=O)OCCCCBr,0.39
763,C(CCC(=O)O)CCBr,0.03
764,CCOC(=O)C(C)(C)Br,0.15
765,CCC(C(=O)OCC)Br,0.77
766,CCOC(=O)CCCBr,-0.03
767,COC(=O)CCCCBr,-0.08
768,CC(C)(C)OC(=O)CBr,2.41
769,CCOC(=O)CCCCl,-0.28
770,CC(C)(C)OC(=O)CCl,0.86
771,CC(C)CCN=C=S,1.62
772,CCCCCN=C=S,1.7
773,CCC(C)(C)N=C=S,0.36
774,CC(C)C(C)N=C=S,0.92
775,CCCC(C)N=C=S,1.16
776,CCC(CC)N=C=S,1.0
777,CCCCC(CBr)Br,1.15
778,C(CCCBr)CCBr,1.05
779,CCC(C(CC)Br)Br,1.0
780,CCC/C=C/CO,-0.47
781,CCC/C=C\CO,-0.78
782,CC/C=C/CCO,-0.78
783,CC/C=C\CCO,-0.81
784,CCC(CC)C=O,-0.1
785,CCCC(C)C=O,-0.47
786,CC(=O)C(C)(C)C,-1.44
787,CC(C)(C)CC=O,-0.37
788,CC(C)CC(=O)C,-1.31
789,C1CCC(CC1)O,-0.85
790,CCCC(C=C)O,-0.81
791,CC=CCCCO,-0.75
792,C=CCCCCO,-0.85
793,CCCCC(=O)C,-1.43
794,CCCCCC=O,-0.22
795,CCN(CC)C(=O)CCl,0.52
796,CCC(CC)C(=O)O,-0.15
797,CC(C)COC(=O)C,-1.27
798,CCC(C)CC(=O)O,-0.23
799,CC(C)CCC(=O)O,-0.27
800,CCC(C)OC(=O)C,-0.68
801,CCCCOC(=O)C,-0.49
802,CCOC(=O)C(C)C,-1.27
803,CCCC(=O)OCC,-0.49
804,CCCCCC(=O)O,-0.21
805,CC(C)(C)C(=O)OC,-1.28
806,CCC(C)C(=O)OC,-1.17
807,CCCCC(=O)OC,-0.91
808,CCCCCOC=O,-0.78
809,CCCOC(=O)CC,-0.9
810,CC(=O)OC(C)(C)C,-1.49
811,CC1(OCC(O1)CO)C,-1.79
812,CCOC(=O)C[C@@H](C)O,-1.53
813,CCOC(=O)C[C@H](C)O,-1.53
814,CCOC(=O)C(C)(C)O,-1.57
815,C1CCC(CC1)S,0.0
816,CCCCCCBr,0.94
817,CCCCCCCl,0.78
818,C(CCCBr)CCO,0.01
819,C(CCCCl)CCO,-0.27
820,CCN(CC)C(=O)C,-1.54
821,CC(=O)NC(C)(C)C,-1.16
822,CCCCCC(=O)N,-0.91
823,CCCCCC[N+](=O)[O-],0.04
824,CCCCCC,0.72
825,CC(C)(C)CCO,-0.74
826,CC(C)CCCO,-0.64
827,CCCCCCO,-0.42
828,CCCCC(C)O,-0.93
829,CCCC(CC)O,-0.85
830,CCCCOCCO,-1.37
831,CC(CC(C)(C)O)O,-1.96
832,CCCCC(CO)O,-1.27
833,C(CCCO)CCO,-1.49
834,CC(CCC(C)O)O,-1.96
835,C(CCC(=O)NN)CC(=O)NN,-1.37
836,CCCSCCC,0.0
837,CCCS(=O)CCC,-1.22
838,CCCOS(=O)OCCC,0.09
839,C(CCCS)CCS,0.63
840,CCCCCCN,-0.28
841,C1CN(CCN1)CCN,-0.79
842,CC(C)(C)NCCO,-0.8
843,CC(C)(C)C(CO)N,-0.72
844,CCC(C)C(CO)N,-0.66
845,CC(C)CC(CO)N,-0.62
846,CCCCC(CO)N,-0.59
847,C(CCCO)CCN,-0.96
848,C(CO)N(CCO)CCO,-1.75
849,C(=O)C1=C(C(=C(C(=C1F)F)F)F)F,0.82
850,C1=C(C=C(C(=C1[N+](=O)[O-])Cl)[N+](=O)[O-])C#N,2.66
851,C1=C(C=C(C(=C1C=O)Cl)Cl)Cl,1.61
852,C(C1=C(C(=C(C(=C1F)F)F)F)F)O,-0.2
853,C1=C(C=C(C(=C1Br)O)Br)C#N,1.16
854,C1=C(C=C(C(=C1Cl)C(=O)O)Cl)Cl,-0.41
855,C1=CC(=C(C=C1C(F)(F)F)[N+](=O)[O-])Cl,0.85
856,C1=CC(=C(C=C1C#N)[N+](=O)[O-])Cl,1.71
857,C1=C(C=C(C=C1[N+](=O)[O-])[N+](=O)[O-])C#N,1.22
858,C1=CC(=C(C=C1N=C=S)[N+](=O)[O-])Cl,2.11
859,C1=CC(=CC=C1C#N)Br,0.3
860,C1=CC=C(C(=C1)C#N)Cl,0.28
861,C1=CC(=CC(=C1)Cl)C#N,-0.06
862,C1=CC(=CC=C1C#N)Cl,0.0
863,C1=CC(=CC=C1C#N)F,-0.26
864,CC1=C(C(=C(C(=C1Br)Br)Br)Br)O,2.57
865,C1=CC(=C(C=C1Cl)Cl)C=O,1.04
866,COC1=C(C(=CC(=C1Cl)Cl)Cl)Cl,1.89
867,C1=CC(=C(C(=C1)Cl)C=O)F,0.16
868,C1=CC(=C(C=C1Br)C(=O)O)Br,-0.31
869,C1=C(C=C(C(=C1C=O)O)Br)Br,1.64
870,C1=C(C=C(C(=C1Br)O)Br)C=O,0.89
871,C1=C(C=C(C=C1Br)Br)C(=O)O,0.46
872,C1=CC(=C(C(=C1)Cl)Cl)C(=O)O,-0.41
873,C1=CC(=C(C=C1Cl)Cl)C(=O)O,-0.39
874,C1=CC(=C(C=C1Cl)C(=O)O)Cl,-0.46
875,C1=CC(=C(C(=C1)Cl)C(=O)O)Cl,-0.67
876,C1=CC(=C(C=C1C(=O)O)Cl)Cl,0.31
877,C1=C(C=C(C(=C1C=O)O)Cl)Cl,1.55
878,C1=C(C=C(C=C1Cl)Cl)C(=O)O,0.27
879,C1=C(C=C(C(=C1C=O)O)I)I,2.35
880,C1=CC=C(C(=C1)C#N)[N+](=O)[O-],1.08
881,C1=CC(=CC(=C1)[N+](=O)[O-])C#N,0.45
882,C1=CC(=CC=C1C#N)[N+](=O)[O-],0.57
883,C1=CC(=C(C=C1[N+](=O)[O-])C=O)Cl,0.56
884,C1=CC(=C(C=C1C=O)[N+](=O)[O-])Cl,1.19
885,C1=CC(=C(C=C1O)C(F)(F)F)[N+](=O)[O-],1.65
886,C1=CC=C(C=C1)C(Cl)(Cl)Cl,-0.27
887,C1=CC=C(C=C1)C#N,-0.52
888,C1=CC(=C(C=C1F)C(F)(F)F)N,-0.02
889,C1=CC(=C(C=C1N)C(F)(F)F)F,0.84
890,C1=CC(=C(C=C1Cl)C#N)N,0.44
891,C1=CC=C(C(=C1)C=O)Br,0.48
892,C1=CC(=CC(=C1)Br)C=O,0.51
893,C1=CC(=CC=C1C=O)Br,0.59
894,C1=CC=C(C(=C1)C=O)Cl,0.49
895,C1=CC(=CC(=C1)Cl)C=O,0.41
896,C1=CC(=CC=C1C=O)Cl,0.4
897,COC1=C(C(=C(C=C1)Cl)Cl)Cl,1.64
898,C1=CC=C(C(=C1)C=O)F,0.08
899,C1=CC(=CC(=C1)F)C=O,0.15
900,C1=CC(=CC=C1C=O)F,-0.13
901,C1=CC(=CC=C1C(F)(F)F)O,0.62
902,C1=CC=C2C(=C1)C=NO2,-0.16
903,C1=CC=C2C(=C1)N=CO2,-0.32
904,C1=CC=C(C(=C1)C#N)O,0.04
905,C1=COC(=C1)C=CC#N,-0.31
906,C1=CC(=CC(=C1)O)C#N,-0.07
907,C1=CC(=CC=C1C#N)O,0.52
908,C1=CC(=C(C=C1Cl)Cl)C(=O)N,-0.36
909,C1=CC=C(C(=C1)C(=O)O)Br,-0.47
910,C1=CC(=C(C=C1C=O)Br)O,0.61
911,C1=CC(=CC=C1C(=O)O)Br,0.18
912,C1=CC(=C(C=C1Br)C=O)O,1.11
913,C1=CC(=C(C=C1O)Cl)C=O,0.89
914,C1=CC=C(C(=C1)C(=O)O)Cl,-0.45
915,C1=CC(=CC(=C1)Cl)C(=O)O,-0.13
916,C1=CC(=CC=C1C(=O)O)Cl,0.11
917,C1=CC(=C(C=C1Cl)C=O)O,1.01
918,C1=CC(=C(C=C1C#N)O)O,1.26
919,C1=COC(=C1)C(=O)CC#N,0.3
920,C1=CC2=C(C=C1[N+](=O)[O-])C=NN2,0.55
921,C1=CC2=C(C=C1[N+](=O)[O-])NC=N2,0.29
922,C1=CC(=C(C=C1Cl)C(=O)O)O,-0.4
923,C1=CC=C(C(=C1)C=O)[N+](=O)[O-],0.17
924,C1=CC(=CC(=C1)[N+](=O)[O-])C=O,0.14
925,C1=CC(=CC=C1C=O)[N+](=O)[O-],0.2
926,COC1=C(C=C(C=C1F)Br)[N+](=O)[O-],0.97
927,C1=CC(=C(C=C1Cl)C(=O)N)[N+](=O)[O-],-0.32
928,C1=CC(=C(C(=C1)[N+](=O)[O-])O)C=O,0.87
929,C1=CC=C(C(=C1)C(=O)O)[N+](=O)[O-],-1.64
930,C1=CC(=C(C=C1C=O)O)[N+](=O)[O-],0.27
931,C1=CC(=CC(=C1)[N+](=O)[O-])C(=O)O,-1.09
932,C1=CC(=C(C=C1C=O)[N+](=O)[O-])O,0.61
933,C1=CC(=CC=C1C(=O)O)[N+](=O)[O-],-0.86
934,C1=CC(=C(C=C1O)C=O)[N+](=O)[O-],0.38
935,C1=CC(=NC(=C1)C(=O)O)C(=O)O,0.0
936,CC1=CC(=C(C=C1[N+](=O)[O-])[N+](=O)[O-])Cl,2.33
937,C1=CC=C2C(=C1)N=CS2,-0.08
938,C1=CC=C(C=C1)N=C=S,1.41
939,C1=CC=C(C=C1)C(Br)Br,0.64
940,C1=CC=C(C=C1)C(Cl)Cl,0.11
941,CC1=CC(=C(C=C1)Cl)Cl,1.15
942,C1=CC=C2C(=C1)NC=N2,-0.32
943,C1=CC=C2C(=C1)C=NN2,0.16
944,C1=CC2=C(NC=C2)N=C1,0.15
945,C1=CC=C(C(=C1)C#N)N,-0.5
946,C1=CC(=CC(=C1)N)C#N,-0.47
947,C1=CC(=CC=C1C#N)N,0.25
948,C1=CC=C(C=C1)C=O,-0.1
949,CC1=CC(=CC(=C1O)Cl)Br,1.28
950,COC1=CC(=CC(=C1)Cl)Cl,0.93
951,C1=CC(=CC=C1C(=O)N)Cl,0.09
952,C1=COC(=C1)/C=C/C=O,0.37
953,C1=CC=C(C(=C1)C=O)O,0.45
954,CC1=CC(=O)C=CC1=O,2.41
955,C1=CC(=CC(=C1)O)C=O,0.09
956,C1=CC(=CC=C1C=O)O,0.27
957,C1=CC=C(C=C1)C(=O)O,-0.3
958,C1=CC(=CC=C1CBr)[N+](=O)[O-],2.31
959,CC1=C(C=CC(=C1)[N+](=O)[O-])Br,1.16
960,C1=CC(=CC=C1CCl)[N+](=O)[O-],1.18
961,CC1=C(C=CC=C1Cl)[N+](=O)[O-],0.68
962,CC1=C(C=C(C=C1)Cl)[N+](=O)[O-],0.82
963,C1=CC(=C(C=C1Cl)C(=O)N)O,0.59
964,CC1=C(C=C(C=C1)[N+](=O)[O-])F,0.33
965,CC1=C(C=C(C=C1)F)[N+](=O)[O-],0.25
966,C1=CC(=C(C(=C1)O)O)C=O,0.57
967,C1=CC(=C(C=C1O)O)C=O,0.62
968,C1=CC(=C(C=C1O)C=O)O,0.49
969,C1=CC=C(C(=C1)C(=O)O)O,-0.57
970,C1=CC(=C(C=C1C=O)O)O,0.3
971,C1=CC(=CC(=C1)O)C(=O)O,-0.82
972,C1=CC(=CC=C1C(=O)O)O,-1.17
973,C1=CC(=C(C=C1[N+](=O)[O-])CCl)O,0.75
974,CC1=CC(=C(C=C1Cl)[N+](=O)[O-])O,1.64
975,C1=CC=C(C(=C1)C(=O)N)[N+](=O)[O-],-0.72
976,C1=CC(=CC(=C1)[N+](=O)[O-])C(=O)N,-0.19
977,C1=CC(=CC=C1C(=O)N)[N+](=O)[O-],0.18
978,C1=CC(=CC=C1C=NO)[N+](=O)[O-],0.68
979,C1=CC(=C(C(=C1C=O)O)O)O,0.31
980,C1=C(C=C(C(=C1O)C=O)O)O,0.11
981,C1=CC(=C(C=C1O)C(=O)O)O,-0.68
982,C1=C(C=C(C(=C1O)O)O)C=O,-0.03
983,CC1=C(C=C(C=C1)[N+](=O)[O-])[N+](=O)[O-],0.75
984,CC1=CC(=C(C=C1)[N+](=O)[O-])[N+](=O)[O-],1.52
985,C1=CC(=C(C=C1CO)[N+](=O)[O-])[N+](=O)[O-],1.09
986,C1=C(C=C(C=C1[N+](=O)[O-])[N+](=O)[O-])CO,0.53
987,CC1=CC(=CC(=C1O)[N+](=O)[O-])[N+](=O)[O-],1.53
988,CC1=CC(=C(C(=C1)[N+](=O)[O-])O)[N+](=O)[O-],1.23
989,C1=C(C=C(C(=C1[N+](=O)[O-])N)[N+](=O)[O-])C(=O)N,0.51
990,C1=CC=C(C=C1)CBr,0.64
991,CC1=CC=C(C=C1)Br,0.47
992,C1=CC=C(C=C1)CCl,0.06
993,C=CC1=CC=CC=N1,0.24
994,C=CC1=CC=NC=C1,1.13
995,CC1=C(C(=C(C=C1)Cl)N)Cl,0.69
996,C1=CC=C2C(=C1)NC(=N2)N,0.04
997,C1=CC2=C(C=C1N)C=NN2,-0.1
998,C1=CC=C(C(=C1)CO)Br,0.1
999,C1=CC(=CC(=C1)Br)CO,0.37
1000,COC1=CC=C(C=C1)Br,0.4
1001,CC1=CC(=C(C=C1)O)Br,0.69
1002,C1=CC=C(C(=C1)CO)Cl,-0.1
1003,C1=CC(=CC(=C1)Cl)CO,0.15
1004,C1=CC(=CC=C1CO)Cl,0.25
1005,COC1=CC=CC=C1Cl,0.25
1006,COC1=CC(=CC=C1)Cl,0.32
1007,COC1=CC=C(C=C1)Cl,0.63
1008,CC1=CC(=C(C=C1)Cl)O,0.53
1009,CC1=C(C=CC(=C1)Cl)O,0.7
1010,CC1=C(C=CC(=C1)O)Cl,0.8
1011,C1=CC=C(C(=C1)CO)F,-0.67
1012,C1=CC(=CC(=C1)F)CO,-0.39
1013,C1=CC(=CC=C1CO)F,-0.62
1014,C1=CC=C(C(=C1)CO)I,0.33
1015,CC(=O)C1=CC=NC=C1,-0.85
1016,C1=CC=C(C=C1)/C=N/O,-0.11
1017,C1=CC=C(C=C1)C(=O)N,-0.91
1018,CC1=C(C=C(C(=C1Cl)O)N)Cl,1.66
1019,C1=CC(=C(C=C1Br)CO)O,0.34
1020,COC1=CC(=CC(=C1)O)Cl,0.76
1021,CC1=CC=CC=C1[N+](=O)[O-],0.26
1022,CC1=CC(=CC=C1)[N+](=O)[O-],0.29
1023,CC1=CC=C(C=C1)[N+](=O)[O-],0.54
1024,C1=CC=C(C(=C1)/C=N/O)O,-0.25
1025,C1=CC=C(C(=C1)C(=O)N)O,-0.24
1026,C1=CC(=CC(=C1)N)C(=O)O,-0.63
1027,C1=CC(=CC=C1C(=O)N)O,-0.78
1028,C1=CC=C(C=C1)C(=O)NO,0.38
1029,COC(=O)C1=CC=NC=C1,-0.81
1030,C1=CC=C(C=C1)OC(=O)N,-0.39
1031,C1=CC=C(C(=C1)CO)[N+](=O)[O-],-0.16
1032,C1=CC(=CC(=C1)[N+](=O)[O-])CO,-0.22
1033,C1=CC(=CC=C1CO)[N+](=O)[O-],0.11
1034,COC1=CC=CC=C1[N+](=O)[O-],-0.07
1035,COC1=CC=CC(=C1)[N+](=O)[O-],0.7
1036,COC1=CC=C(C=C1)[N+](=O)[O-],0.46
1037,CC1=C(C=CC=C1O)[N+](=O)[O-],0.78
1038,CC1=C(C=C(C=C1)[N+](=O)[O-])O,0.66
1039,CC1=C(C(=CC=C1)O)[N+](=O)[O-],0.61
1040,CC1=C(C=CC(=C1)O)[N+](=O)[O-],1.65
1041,CC1=CC(=C(C=C1)O)[N+](=O)[O-],0.57
1042,CC1=C(C=C(C=C1)O)[N+](=O)[O-],0.74
1043,CC1=CC(=C(C=C1)[N+](=O)[O-])O,0.59
1044,C1=CC=C(C(=C1)C(=O)NO)O,0.38
1045,C1=CC=C(C=C1)C(=S)N,0.09
1046,CC1=CC=CC=C1,-0.13
1047,C1=CC(=CC=C1CN)Cl,0.16
1048,CC1=CC(=C(C=C1)N)Cl,0.21
1049,CC1=CC(=C(C=C1)Cl)N,0.35
1050,CC1=C(C(=CC=C1)Cl)N,0.09
1051,CC1=C(C=CC=C1Cl)N,0.42
1052,CC1=C(C=C(C=C1)N)Cl,0.42
1053,CC1=C(C=CC(=C1)Cl)N,0.35
1054,CC1=C(C=C(C=C1)Cl)N,0.51
1055,CC1=CC=CC=C1O,-0.29
1056,CC1=CC(=CC=C1)O,-0.05
1057,CC1=CC=C(C=C1)O,-0.19
1058,COC1=CC=CC=C1,-0.27
1059,C1=CC=C(C=C1)CO,-0.88
1060,C1=CC=C(C(=C1)C(=O)N)N,-0.87
1061,C1=CC(=CC=C1C(=O)N)N,-0.75
1062,C1=CC=C(C=C1)C(=O)NN,-0.52
1063,CC1=CC=C(O1)C(=O)C,-0.83
1064,CCC(=O)C1=CC=CO1,-0.77
1065,C1=CC=C(C(=C1)CO)O,-0.95
1066,COC1=CC=CC=C1O,-0.51
1067,CC1=C(C=CC=C1O)O,0.03
1068,CC1=C(C=CC(=C1)O)O,1.86
1069,C1=CC(=CC(=C1)O)CO,-1.03
1070,COC1=CC=CC(=C1)O,-0.25
1071,CC1=C(C(=CC=C1)O)O,0.34
1072,CC1=CC(=O)OC(=C1)C,-0.93
1073,COC1=CC=C(C=C1)O,-0.14
1074,CC1=CC(=C(C=C1)O)O,0.43
1075,CC1=CC(=CC(=C1)O)O.O,-0.39
1076,CC(=C)C(=O)OCC#C,-0.37
1077,C1=CC=C(C(=C1)C(=O)NN)O,0.18
1078,CC1=C(C=CC(=C1)[N+](=O)[O-])N,0.49
1079,CC1=CC(=C(C=C1)N)[N+](=O)[O-],0.37
1080,COC1=C(C=CC(=C1)O)O,2.2
1081,CSC1=CC=CC=C1,0.18
1082,C1=CC=C(C=C1)NC(=S)N,0.61
1083,CCOC(=O)C1=CC=CS1,0.03
1084,CC1=CC(=NC=C1)C,-0.65
1085,CC1=NC(=CC=C1)C,-0.81
1086,CCC1=CC=CC=N1,-0.87
1087,CC1=CC=CC=C1N,-0.36
1088,CC1=C(C=NC=C1)C,-0.49
1089,CC1=CC(=CC=C1)N,-0.35
1090,CCC1=CC=NC=C1,-0.38
1091,CC1=CC=C(C=C1)N,-0.1
1092,CNC1=CC=CC=C1,0.06
1093,C1=CC=C(C=C1)CN,-0.25
1094,C1=CC=C(C(=C1)CO)N,-1.07
1095,C1=CC(=CC(=C1)N)CO,-1.13
1096,CC(=O)C1=CC=CN1C,-0.69
1097,CC(=O)C1=CN(C=C1)C,-1.0
1098,CC1=CC(=C(C=C1)O)N,0.29
1099,COC1=CC=CC=C1N,-0.08
1100,CC1=C(C=CC=C1O)N,-0.55
1101,COC1=CC=CC(=C1)N,0.49
1102,CC1=C(C=CC(=C1)N)O,1.26
1103,CC1=C(C=CC(=C1)O)N,0.96
1104,COC1=CC=C(C=C1)N,-0.07
1105,CC1=C(C=C(C=C1)N)O,-0.39
1106,COC1=C(C=C(C=C1)N)O,0.25
1107,C1=CC=NC(=C1)CCN,-0.74
1108,CC1=CC(=NC(=C1)N)C,-0.22
1109,CC1=C(C=C(C=C1)N)N,-0.66
1110,CN(C)C1=CC=CC=N1,-0.55
1111,CN(C)C1=CC=NC=C1,-0.63
1112,CC/C=C/C=C/C=O,0.86
1113,CCC#CC(=O)OCC,0.83
1114,CCCC#CC(=O)OC,0.76
1115,C/C=C/C(=O)OCC=C,-0.48
1116,CC(=C)C(=O)OCC=C,-0.68
1117,C=CC(=O)NCNC(=O)C=C,-0.51
1118,CC=C(C(=O)OC)C(=O)OC,0.91
1119,CCOC(=O)C(C(=O)OCC)(Br)Br,2.14
1120,CCOC(=O)C(=O)C(=O)OCC,-0.38
1121,CCCCOC(=O)CC#N,-0.61
1122,CCOC(=O)C[C@@H](CC#N)O,-1.64
1123,CCOC(=O)C(C(=O)OCC)Br,2.21
1124,CCOC(=O)C(C(=O)OCC)Cl,0.63
1125,C1CCC(CC1)N=C=S,1.62
1126,C(CCCBr)CCC#N,0.51
1127,C(CCCCl)CCC#N,0.29
1128,CC1CCCCC1=O,-0.81
1129,CCCCC(=C)C=O,1.07
1130,CCCC(C)(C#C)O,-0.9
1131,CC(C)CC(C#C)O,0.62
1132,CC(=C)CCC(=O)C,-0.91
1133,CCCCC(C#C)O,0.77
1134,CCCC/C=C/C=O,1.05
1135,CCCCC#CCO,-0.19
1136,CCCC=CC(=O)C,0.7
1137,CCCC#CCCO,-0.32
1138,CCC#CCC(C)O,-0.62
1139,CCC#CC(CC)O,-0.03
1140,CC(C)(C(=O)C(C)(C)Br)Br,0.51
1141,CC(C)COC(=O)C=C,0.29
1142,CCCCOC(=O)C=C,0.52
1143,CCOC(=O)/C(=C/C)/C,-0.5
1144,CCOC(=O)C=C(C)C,-0.48
1145,CCCCC(=O)C(=O)C,0.04
1146,CCC(=O)CC(=O)CC,-0.38
1147,CC/C=C(\C)/C(=O)OC,-0.38
1148,CCCC(=O)OCC=C,-0.64
1149,CC=CC(=O)OC(C)C,-0.78
1150,CC(C)OC(=O)C(=C)C,-0.88
1151,CCCOC(=O)C(=C)C,-0.66
1152,CC(C)(C)OC(=O)C=C,-0.19
1153,CCOC(=O)CCC(=O)C,-1.4
1154,CCOC(=O)CC(=O)OCC,-1.01
1155,COC(=O)CCCC(=O)OC,-1.17
1156,CC(C)(CC(=O)O)CC(=O)O,-0.66
1157,C(CCC(=O)O)CCC(=O)O,-0.58
1158,CCCCCCC#N,-0.24
1159,CCCCCCC(=O)Cl,0.46
1160,CC(=O)OCCCCCBr,0.29
1161,CCOC(=O)C(C(C)C)Br,0.02
1162,CCCC(C(=O)OCC)Br,0.7
1163,CCOC(=O)CCCCBr,0.22
1164,CC(=O)OCCCCCCl,-0.13
1165,CCCCCCN=C=S,1.75
1166,CCCC/C=C/CO,0.05
1167,CC(C)CCC(=O)C,-0.7
1168,CCCCCC(=O)C,-0.63
1169,CCCC(=O)CCC,-0.76
1170,CCCCCCC=O,-0.05
1171,CCC(=O)OCC(C)C,-0.67
1172,CCCCOC(=O)CC,0.17
1173,CCC(C)C(=O)OCC,-0.89
1174,CCOC(=O)CC(C)C,-0.72
1175,CCCCC(=O)OCC,-0.36
1176,CCCCCCC(=O)O,-0.11
1177,CCCCCCOC=O,-0.38
1178,CCCCCC(=O)OC,-0.56
1179,CCCCCOC(=O)C,0.16
1180,CCCC(=O)OCCC,-0.41
1181,CCC(=O)OC(C)(C)C,-0.41
1182,CCCCCCCBr,1.49
1183,CCCCCCCCl,1.36
1184,CCCCC/C(=N/O)/C,0.1
1185,CC(C)C(C(C)C)O,-0.71
1186,CCCCCCCO,0.06
1187,CCCCCC(C)O,-0.47
1188,CCCCC(CC)O,-0.49
1189,CCCCCCCS,1.02
1190,CCCCCCNC(=S)N,0.86
1191,CCCCCCCN,0.16
1192,C(#N)C1=C(C(=C(C(=C1F)F)C#N)F)F,2.55
1193,C1=C(C=C(C(=C1C=O)F)Cl)C(F)(F)F,1.48
1194,C1=CC=C(C(=C1)C#N)C#N,-0.34
1195,C1=COC(=C1)C=C(C#N)C#N,0.94
1196,C1=CC(=C(C(=C1O)C#N)C#N)O,-0.44
1197,C1=CC(=CC=C1N=C=S)N=C=S,3.34
1198,CC(=O)C1=C(C(=C(C=C1)Cl)Cl)Cl,1.34
1199,C1=CC=C(C=C1)C(=O)C(F)(F)F,-0.01
1200,C1=CC(=CC(=C1)C#N)C=O,-0.02
1201,C1=CC(=CC=C1C=O)C#N,0.04
1202,C1=CC=C(C=C1)C(=O)C#N,0.31
1203,C1=CC=C(C=C1)C(=O)N=C=S,0.1
1204,C#CC1=CC=CC=C1,-0.14
1205,C1=CC(=CC=C1CC#N)Br,0.6
1206,C1=CC(=CC=C1CC#N)Cl,0.66
1207,CC1=C(C(=CC=C1)Cl)C#N,0.46
1208,C1=CC=C2C=NN=CC2=C1,-0.34
1209,C1=CC=C2C(=C1)C=NC=N2,-0.29
1210,C1=CC=C2C(=C1)N=CC=N2,-0.29
1211,C1=CC=C2C(=C1)C=CO2,-0.1
1212,CC(=O)C1=C(C=C(C=C1)Cl)Cl,0.62
1213,CC1=C(C(=C(C=C1)Cl)C=O)F,0.99
1214,C1=CC=C(C(=C1)C#N)C(=O)N,-0.32
1215,C1=CC(=CC=C1C#N)C(=O)N,-0.38
1216,C1=CC(=CC(=C1)C=O)C=O,0.18
1217,C1=CC(=CC=C1C=O)C=O,-0.09
1218,COC(=O)C1=C(C=CC(=C1)Cl)Cl,0.81
1219,C1=CC(=CC=C1CC#N)[N+](=O)[O-],0.13
1220,C1=CC2=C(C=CN2)C=C1[N+](=O)[O-],1.08
1221,C1=CC(=CC=C1[N+](=O)[O-])OC(=O)CBr,1.81
1222,COC(=O)C1=C(C=C(C=C1)Cl)[N+](=O)[O-],0.82
1223,C1=CC=C2C(=C1)C=CS2,0.3
1224,C1=CSC(=C1)C2=CC=CS2,1.04
1225,C1=CSC=C1C2=CSC=C2,1.0
1226,C1=CC=C2C(=C1)C=CN2,0.21
1227,CC1=CC=CC=C1C#N,-0.24
1228,C1=CC=C(C=C1)CC#N,-0.36
1229,CC1=CC(=CC=C1)C#N,-0.25
1230,CC1=CC=C(C=C1)C#N,-0.1
1231,CC(=O)C1=CC=C(C=C1)Br,0.4
1232,C1=CC=C(C=C1)C(=O)CBr,2.82
1233,C1=CC(=CC=C1CC#N)O,-0.38
1234,COC1=CC=CC(=C1)C#N,0.03
1235,COC1=CC=C(C=C1)C#N,0.1
1236,COC(=O)C1=CC=C(C=C1)Br,0.63
1237,C1=CC=C(C=C1)OC(=O)CBr,2.08
1238,COC(=O)C1=CC=C(C=C1)Cl,0.42
1239,CC(=O)C1=C(C=CC(=C1)F)O,0.04
1240,COC1=C(C=CC(=C1)C#N)O,-0.03
1241,COC1=C(C(=CC(=C1)C=O)Br)O,0.62
1242,C1=CC(=C(C=C1C(=O)CCl)O)O,1.47
1243,COC1=C(C(=C(C=C1)C=O)Cl)O,0.2
1244,CC(=O)C1=CC(=CC=C1)[N+](=O)[O-],0.32
1245,COC(=O)C1=CC=C(C=C1)[N+](=O)[O-],0.55
1246,C1=CC(=C(C=C1[N+](=O)[O-])NC(=O)CBr)O,0.87
1247,C1=CC=C(C=C1)CSC#N,1.05
1248,C1=CC=C(C=C1)CN=C=S,2.74
1249,C=CC1=CC=CC=C1,-0.02
1250,C1=CC2=C(C=CN2)C=C1N,-0.06
1251,C1=CC(=CC=C1CC#N)N,-0.76
1252,CC(=O)C1=CC=CC=C1,-0.47
1253,CC1=CC=CC=C1C=O,0.0
1254,C1=CC=C(C=C1)CC=O,0.87
1255,CC1=CC(=CC=C1)C=O,0.08
1256,CC1=CC=C(C=C1)C=O,-0.06
1257,CC1=CC(=C(C(=O)N1)C#N)C,-0.7
1258,CC(=O)C1=CC=CC=C1O,0.08
1259,CC(=O)C1=CC(=CC=C1)O,-0.38
1260,CC(=O)C1=CC=C(C=C1)O,-0.2
1261,CC1=CC(=O)C(=CC1=O)C,2.16
1262,CC1=CC(=O)C=C(C1=O)C,2.24
1263,COC1=CC=CC=C1C=O,0.15
1264,COC1=CC=CC(=C1)C=O,0.23
1265,CC1=CC(=CC=C1)C(=O)O,0.12
1266,COC1=CC=C(C=C1)C=O,-0.05
1267,CC1=CC=C(C=C1)C(=O)O,-0.22
1268,COC(=O)C1=CC=CC=C1,-0.23
1269,CC(=O)OC1=CC=CC=C1,-0.23
1270,CC(=O)C1=C(C=C(C=C1)O)O,0.25
1271,CC(=O)C1=C(C=CC(=C1)O)O,0.36
1272,C1=CC(=CC=C1CC(=O)O)O,-1.5
1273,COC1=CC=CC(=C1O)C=O,0.38
1274,COC1=C(C=C(C=C1)C=O)O,-0.14
1275,COC1=C(C=CC(=C1)C=O)O,-0.03
1276,COC(=O)C1=CC(=CC=C1)O,-0.05
1277,COC(=O)C1=CC=C(C=C1)O,0.08
1278,COC1=CC(=O)C(=CC1=O)OC,1.52
1279,COC1=CC(=O)C=C(C1=O)OC,1.99
1280,COC(=O)C1=C(C=C(C=C1)O)O,0.61
1281,COC(=O)C1=C(C=CC(=C1)O)O,0.51
1282,COC(=O)C1=CC(=CC(=C1)O)O,-0.14
1283,C=CSC1=CC=CC=C1,0.42
1284,C=CS(=O)C1=CC=CC=C1,0.16
1285,C=CS(=O)(=O)C1=CC=CC=C1,1.28
1286,CC(C1=CC=CC=C1)Br,-0.67
1287,C1=CC=C(C=C1)CCBr,0.42
1288,CCC1=CC=C(C=C1)Br,0.67
1289,C1=CC=C(C=C1)CCCl,0.17
1290,C1CNC2=CC=CC=C21,-0.31
1291,CC1=CC(=CC(=C1O)C)Br,1.22
1292,CC1=CC(=CC(=C1Br)C)O,1.27
1293,C1=CC(=CC=C1CCO)Cl,0.32
1294,CC1=CC(=C(C=C1C)Cl)O,0.69
1295,CC1=CC(=CC(=C1Cl)C)O,1.2
1296,CCC1=C(C=CC(=C1)O)Cl,1.08
1297,CC(=O)C1=CC(=CC=C1)N,-0.82
1298,CC(=O)C1=CC=C(C=C1)N,-0.47
1299,CC1=CC=CC=C1C(=O)N,-0.95
1300,CC(=O)NC1=CC=CC=C1,-0.62
1301,CC1=C(C(=CC=C1)[N+](=O)[O-])C,0.56
1302,CC1=C(C=C(C=C1)[N+](=O)[O-])C,0.59
1303,CC1=C(C(=CC=C1)C)[N+](=O)[O-],0.3
1304,CCC1=CC=C(C=C1)[N+](=O)[O-],0.62
1305,C1=CC=C(C=C1)OCC(=O)N,-0.73
1306,CC(=O)NC1=CC(=CC=C1)O,-0.16
1307,CC(=O)NC1=CC=C(C=C1)O,-0.82
1308,CCOC(=O)C1=CC=CC=N1,-0.92
1309,COC(=O)C1=CC=C(C=C1)N,0.46
1310,CCOC1=CC=C(C=C1)[N+](=O)[O-],0.83
1311,C1=CC=C(C=C1)SCCBr,0.39
1312,CC(=S)NC1=CC=CC=C1,-0.01
1313,CC1=CC=C(C=C1)C,0.19
1314,C1=CC(=CC=C1CCN)Cl,0.14
1315,CC1=CC=CC=C1CO,-0.43
1316,CC1=CC(=CC=C1)CO,-0.24
1317,CC1=CC=C(C=C1)CO,-0.49
1318,CC1=CC=C(C=C1)OC,0.07
1319,CC(C1=CC=CC=C1)O,-0.74
1320,CC1=C(C(=CC=C1)O)C,0.12
1321,CC1=CC(=C(C=C1)O)C,0.06
1322,CC1=CC(=C(C=C1)C)O,0.08
1323,CC1=C(C(=CC=C1)C)O,-0.08
1324,CCC1=CC=CC=C1O,0.17
1325,C1=CC=C(C=C1)CCO,-0.69
1326,CC1=C(C=C(C=C1)O)C,0.12
1327,CC1=CC(=CC(=C1)O)C,0.12
1328,CCC1=CC(=CC=C1)O,0.26
1329,CCC1=CC=C(C=C1)O,0.21
1330,CCOC1=CC=CC=C1,-0.14
1331,C1=CC=C(C=C1)CC(=O)NN,-0.48
1332,CC1=C(C=CC(=C1C)O)O,1.41
1333,CCOC1=CC=CC=C1O,-0.36
1334,C1=CC(=CC=C1CCO)O,-0.83
1335,CCOC1=CC=C(C=C1)O,0.01
1336,CCC1=C(C=C(C=C1)O)O,0.57
1337,CC1=CC(=C(C=C1C)[N+](=O)[O-])N,0.48
1338,COC1=C(C(=CC=C1)OC)O,-0.6
1339,COC1=CC(=CC(=C1)O)OC,-0.09
1340,C1=CC(=CC(=C1)OCCO)O,-0.87
1341,COC1=C(C=CC(=C1)CO)O,-0.7
1342,COC1=C(C=C(C=C1)CO)O,-0.99
1343,CCOC1=CC(=C(C=C1)N)[N+](=O)[O-],0.76
1344,CCOC(=O)C#CC(=O)OCC,2.44
1345,COC1=CC(=CC(=C1O)OC)O,1.72
1346,CCSC1=CC=CC=C1,0.3
1347,C1=CC=C(C=C1)CNC(=S)N,0.66
1348,CCS(=O)(=O)C1=CC=CC=C1,-0.77
1349,CCOC(=O)CC1=CC=CS1,0.27
1350,CC1=CC=C(C=C1)CN,-0.01
1351,CC(C1=CC=CC=C1)N,-0.18
1352,CC1=C(C(=CC=C1)N)C,-0.43
1353,CC1=CC(=C(C=C1)N)C,-0.31
1354,CC1=CC(=C(C=C1)C)N,-0.34
1355,CC1=C(C(=CC=C1)C)N,-0.43
1356,CCC1=CC=CC=C1N,-0.27
1357,C1=CC=C(C=C1)CCN,0.12
1358,CC1=C(C=C(C=C1)N)C,-0.23
1359,CC1=CC(=CC(=C1)N)C,-0.37
1360,CCC1=CC(=CC=C1)N,-0.08
1361,CCC1=CC=C(C=C1)N,0.04
1362,CCC1=CN=C(C=C1)C,-0.2
1363,CN(C)C1=CC=CC=C1,0.27
1364,CCNC1=CC=CC=C1,0.05
1365,C1=CC=C(C=C1)N=C(N)N=C(N)N,-0.39
1366,CC1=CNC(=C1C(=O)C)C,-0.32
1367,CC1=CC(=C(C(=C1)N)O)C,0.89
1368,C1=CC(=CN=C1)CCCO,-0.84
1369,CC1=C(C=CC(=C1C)O)N,1.44
1370,COC1=C(C=CC(=C1)CN)O.Cl,-0.97
1371,C(CCCC#N)CCC#N,-0.77
1372,CCCCC1=CC=CO1,0.44
1373,CCCCCC#CC=O,1.81
1374,CN(C)CC1=C(C=CC=N1)O,-1.26
1375,CC(=O)OC1=CCCCC1,-0.4
1376,CCCC#CC(=O)OCC,0.7
1377,CCCCCC#CC(=O)O,-0.06
1378,CCOC(=O)/C=C/C(=O)OCC,1.09
1379,CCCCC1=CSC=C1,0.96
1380,C(CCCN=C=S)CCN=C=S,3.52
1381,CCCCCOC(=O)CC#N,-0.31
1382,CCCCCC=CC=O,1.2
1383,CC(C)CC(C)(C#C)O,-0.55
1384,CCCC(C)C(C#C)O,0.74
1385,CCCC(C)(C#CC)O,-0.48
1386,CC(=CCCC(=O)C)C,-0.45
1387,CCCCCC(=O)C=C,1.92
1388,CCCCC(=O)C=CC,1.01
1389,CCCCCC#CCO,0.19
1390,CCCCC=CC(=O)C,0.74
1391,CCCCC#CCCO,-0.02
1392,CCC#CCC(CC)O,-0.38
1393,CC(C)(C#CC(C)(C)O)O,-1.58
1394,C/C=C/C(=O)OCC(C)C,-0.34
1395,CC(C)COC(=O)C(=C)C,-0.28
1396,CC(C)CCOC(=O)C=C,0.41
1397,CCCCC1CCC(=O)O1,-0.38
1398,CCC(C)OC(=O)/C=C/C,-0.42
1399,CCCCOC(=O)/C=C/C,-0.16
1400,CCCCOC(=O)C(=C)C,-0.27
1401,CCCCCC(=O)OC=C,0.08
1402,CCCCCC=CC(=O)O,0.21
1403,CCCCC(=O)CC(=O)C,0.13
1404,CCCCCOC(=O)C=C,0.54
1405,CC=CC(=O)OC(C)(C)C,-0.64
1406,CCOCCOC(=O)C(=C)C,-0.78
1407,CCOC(=O)C(C)C(=O)OCC,-0.51
1408,CCOC(=O)CCC(=O)OCC,-0.85
1409,C(CCCC(=O)O)CCC(=O)O,-0.51
1410,CCCCCCCC#N,0.28
1411,CCCCCCCC(=O)Cl,0.41
1412,CCCCCCC(C(=O)O)Br,0.49
1413,C(CCCC(=O)O)CCCBr,1.32
1414,CCCCC(C(=O)OCC)Br,0.86
1415,CCOC(=O)CCCCCBr,0.59
1416,CCCCCCCN=C=S,2.28
1417,CCCCC/C=C/CO,0.35
1418,CCCCC(CC)C=O,0.16
1419,CCCCCCC(=O)C,-0.23
1420,CCCCCCCC=O,0.43
1421,CCC(CC)COC(=O)C,-0.12
1422,CCCCC(CC)C(=O)O,0.08
1423,CC(C)COC(=O)C(C)C,-0.59
1424,CCCC(CCC)C(=O)O,0.03
1425,CCCCOC(=O)CCC,0.52
1426,CCCCCC(=O)OCC,-0.06
1427,CCCCCCOC(=O)C,-0.02
1428,CCCCCCC(=O)OC,0.1
1429,CCCCCCCC(=O)O,0.08
1430,CCCCCOC(=O)CC,-0.04
1431,CCCCC(=O)OCCC,0.01
1432,CCCCCCCCBr,1.87
1433,CCCCCCCCCl,0.67
1434,C(CCCCBr)CCCO,1.04
1435,C(CCCCCl)CCCO,0.49
1436,CCCCC(CC)CO,0.17
1437,CCCC(CCC)CO,0.13
1438,CCCCCCCCO,0.65
1439,CCCCCCC(C)O,-0.01
1440,CCCCCC(CC)O,-0.01
1441,CCCCSCCCC,1.04
1442,CCCCS(=O)CCCC,-0.26
1443,CCCCS(=O)(=O)CCCC,-0.26
1444,CCCCOS(=O)(=O)OCCCC,0.62
1445,C(CCCCS)CCCS,1.19
1446,CCCCCCCCN,0.45
1447,CCCCCCC(C)N,0.4
1448,C1=CC=C(C=C1)C#CC=O,1.68
1449,C1=CC2=C(C=CC=N2)C(=C1)[N+](=O)[O-],0.39
1450,C1=CC2=C(C=CC(=C2)[N+](=O)[O-])N=C1,0.46
1451,C1=CC2=C(C(=C1)[N+](=O)[O-])N=CC=C2,0.08
1452,C1=CC=C(C=C1)/C=C/C#N,0.16
1453,C1=CC=C2C=NC=CC2=C1,0.0
1454,C1=CC=C2C(=C1)C=CC=N2,0.07
1455,C1=CC=C(C=C1)C=C(C=O)Cl,1.73
1456,CC(=O)C1=CC=C(C=C1)C#N,-0.37
1457,COC(=O)C1=CC=C(C=C1)C#N,-0.06
1458,C1=CC2=C(C=CC(=C2N)[N+](=O)[O-])N=C1,0.92
1459,CC#CC1=CC=CC=C1,0.19
1460,CC1=NC2=CC=CC=C2N=C1,0.02
1461,C1=CC=C2C(=C1)C=C(C=N2)N,-0.07
1462,C1=CC(=C2C=CC=NC2=C1)N,-0.21
1463,C1=CC=C(C=C1)/C=C/C=O,0.68
1464,CC1=CC2=CC=CC=C2O1,0.62
1465,C1=CC=C(C=C1)C#CCO,0.07
1466,C=COC(=O)C1=CC=CC=C1,0.08
1467,COC(=O)C1=CC=C(C=C1)C=O,0.3
1468,C#CCSC1=CC=CC=C1,0.54
1469,CC(C#N)C1=CC=CC=C1,0.01
1470,CC1=CNC2=CC=CC=C12,0.37
1471,C1=CC=C(C=C1)CCC#N,-0.16
1472,C=CC(=O)NC1=CC=CC=C1,0.12
1473,CCOC(=O)C1=CC=C(C=C1)Br,1.33
1474,CCOC(=O)C1=CC=C(C=C1)Cl,0.75
1475,CCOC(=O)C1=CC=C(C=C1)F,0.01
1476,CCOC(=O)C1=CC=C(C=C1)I,1.53
1477,C/C(=N\O)/C(=O)C1=CC=CC=C1,-0.04
1478,CC(=O)NC1=CC=C(C=C1)C=O,-0.22
1479,CC(=O)C1=CC(=C(C=C1)O)C(=O)N,-0.1
1480,CCOC(=O)C1=CC=C(C=C1)[N+](=O)[O-],0.71
1481,CC(C1=CC=CC=C1)N=C=S,2.71
1482,C1=CC=C(C=C1)CCN=C=S,2.54
1483,CC1=CC(=CC(=C1)N=C=S)C,1.88
1484,CC1=C(C(=CC=C1)C)N=C=S,1.49
1485,C=CCC1=CC=CC=C1,0.19
1486,CCC(=O)C1=CC=CC=C1,-0.07
1487,C1CC2=CC=CC=C2C1O,-0.58
1488,C1C(CC2=CC=CC=C21)O,-0.69
1489,C=CCC1=CC=CC=C1O,0.34
1490,C1=CC=C(C=C1)/C=C/CO,-0.08
1491,CCC1=CC=C(C=C1)C=O,0.29
1492,CC1=CC(=C(C=C1)O)C(=O)C,0.31
1493,CC1=C(C=CC(=C1)O)C(=O)C,0.19
1494,CCC(=O)C1=CC=C(C=C1)O,0.09
1495,CC(=O)C1=CC=C(C=C1)OC,-0.13
1496,CCOC1=CC=C(C=C1)C=O,0.07
1497,CCOC(=O)C1=CC=CC=C1,0.0
1498,COC(=O)CC1=CC=CC=C1,-0.4
1499,CC1=CC=C(C=C1)C(=O)OC,0.23
1500,CC(=O)C1=C(C=C(C=C1)OC)O,0.55
1501,CC(=O)C1=CC(=C(C=C1)O)OC,-0.12
1502,COC1=CC(=C(C=C1)C=O)OC,-0.06
1503,CCOC1=CC=CC(=C1O)C=O,0.85
1504,CCOC1=C(C=CC(=C1)C=O)O,0.02
1505,CCOC(=O)C1=CC(=CC=C1)O,0.48
1506,CCOC(=O)C1=CC=C(C=C1)O,0.57
1507,COC(=O)COC1=CC=CC=C1,-0.21
1508,COC1=CC=C(C=C1)C(=O)OC,0.31
1509,COC1=CC(=C(C(=C1)OC)C=O)O,0.62
1510,C1=CC=C(C(=C1)C(=O)OCCO)O,-0.08
1511,COC1=CC(=CC(=C1OC)O)C=O,-0.39
1512,COC1=CC(=CC(=C1O)OC)C=O,0.17
1513,CCOC(=O)C1=CC(=C(C=C1)O)O,0.77
1514,COC1=CC(=C(C=C1)C(=O)OC)O,0.62
1515,C=CCSC1=CC=CC=C1,0.69
1516,C=CCS(=O)(=O)C1=CC=CC=C1,0.31
1517,C1=CC=C(C=C1)CCCBr,0.69
1518,CC(C)C1=CC=C(C=C1)Br,0.85
1519,C1=CC=C(C=C1)CCCCl,0.5
1520,C1CC2=CC=CC=C2NC1,0.26
1521,CN(C)C1=CC=C(C=C1)C=O,0.23
1522,CC1=CC(=C(C(=C1)C)[N+](=O)[O-])C,0.86
1523,CCOC(=O)CC1=CC=CC=N1,-0.92
1524,CCOC(=O)CC1=CN=CC=C1,-0.94
1525,CCOC(=O)C1=CC=CC=C1N,0.33
1526,CCOC(=O)C1=CC(=CC=C1)N,-0.12
1527,CCOC(=O)C1=CC=C(C=C1)N,0.66
1528,CNC1=CC=C(C=C1)C(=O)OC,0.31
1529,CC1=CC(=C(C=C1)C)C,0.78
1530,CC(C)C1=CC=CC=C1,0.69
1531,CCC1=CC=C(C=C1)CO,0.07
1532,CCC(C1=CC=CC=C1)O,-0.43
1533,CC(CC1=CC=CC=C1)O,-0.62
1534,CC1=CC(=C(C(=C1)O)C)C,0.36
1535,CC1=C(C(=C(C=C1)C)O)C,0.35
1536,CC1=CC(=C(C(=C1)C)O)C,0.35
1537,CC1=CC=C(C=C1)CCO,-0.26
1538,CC(C)C1=CC=CC=C1O,0.71
1539,CC(CO)C1=CC=CC=C1,-0.4
1540,CC(C)(C1=CC=CC=C1)O,-0.58
1541,CC1=CC(=CC(=C1C)C)O,0.93
1542,CC(C)C1=CC(=CC=C1)O,0.61
1543,C1=CC=C(C=C1)CCCO,-0.24
1544,CC(C)C1=CC=C(C=C1)O,0.47
1545,CCCC1=CC=C(C=C1)O,0.64
1546,CC1=CC(=C(C(=C1O)C)C)O,1.34
1547,CCCC1=C(C=CC=C1O)O,0.22
1548,CCCOC1=CC=C(C=C1)O,0.52
1549,CCOC1=C(C=CC(=C1)O)OC,-0.3
1550,COC1=C(C=CC(=C1)CCO)O,-0.18
1551,CCCSC1=CC=CC=C1,0.86
1552,CC1=CC(=C(C(=C1)C)N)C,-0.05
1553,CC1=CC=C(C=C1)CCN,-0.04
1554,CC(C)C1=CC=CC=C1N,0.11
1555,CC(CN)C1=CC=CC=C1,-0.28
1556,CCCC1=CC=CC=C1N,0.07
1557,C1=CC=C(C=C1)CCCN,0.28
1558,CC(C)C1=CC=C(C=C1)N,0.22
1559,CCCC1=CC=C(C=C1)N,0.51
1560,CC(C)(C)C1=CC=NC=C1,0.18
1561,CCN(C)C1=CC=CC=C1,0.29
1562,CCNCC1=CC=CC=C1,0.22
1563,CN(C)CC1=CC=CC=C1,0.1
1564,CNCCC1=CC=CC=C1,-0.41
1565,C1CCC(CC1)OC(=O)CC#N,-0.09
1566,CCCC/C=C/C=C/C=O,1.23
1567,CC/C=C\CC/C=C/C=O,1.34
1568,CC(CC=C)C=C(C)C=O,0.08
1569,CCCCCC1=CC=CO1,0.92
1570,C=CC(=O)OC1CCCCC1,0.76
1571,CCCCC#CC(=O)OCC,1.11
1572,CCCCCC#CC(=O)OC,1.04
1573,CCCCCCC#CC(=O)O,0.71
1574,CCOC(=O)C(=CC)C(=O)OCC,1.13
1575,CCOC(=O)CCC(=O)C(=O)OCC,-0.66
1576,CCOC(=O)CC(=O)CC(=O)OCC,-0.31
1577,CCCCCC1=CC=CS1,1.2
1578,CCOC(=O)C(C(=O)OCC)NC(=O)C,-1.2
1579,CCC#CC(CC(C)C)O,0.4
1580,CCCCCCC=CC=O,1.6
1581,CCCCCCC#CCO,0.65
1582,CCCCCC=CC(=O)C,0.98
1583,CCCCCC#CCCO,0.34
1584,CCCC#CCC(CC)O,-0.04
1585,CCCCCC/C=C/C(=O)O,0.6
1586,CCCCCC1CCC(=O)O1,0.01
1587,CCCCCCOC(=O)C=C,0.73
1588,CCCCC/C=C/C(=O)OC,0.77
1589,CCCCCC(=O)CC(=O)C,0.51
1590,CCCCCC(=O)OCC=C,0.21
1591,CCC(C(=O)OCC)C(=O)OCC,-0.24
1592,CCOC(=CC(=O)OCC)OCC,-0.65
1593,CCCCCCCCC#N,0.62
1594,CCCCCCCCN=C=S,2.24
1595,CC(C)(C)CC(C)(C)N=C=S,1.54
1596,CCCCCCC(C)N=C=S,1.85
1597,CCCCCC/C=C/CO,0.75
1598,CCCCCC/C=C\CO,0.77
1599,CCCCCCCC(=O)C,0.58
1600,CCCCC(=O)CCCC,-0.01
1601,CCCCCCCCC=O,0.77
1602,CCCCCCCC(=O)OC,0.53
1603,CCCCCCCCC(=O)O,0.35
1604,CCC(CC)(C(C)(C)C)O,-0.17
1605,CCCCCCCCCO,0.81
1606,CCCCCCCC(C)O,0.62
1607,CCCCCCC(CC)O,0.36
1608,CCCCNC(=S)NCCCC,0.86
1609,CCCCCCCCNC(=S)N,1.51
1610,CCCCCCCCCN,1.65
1611,C1=CC=C2C(=C1)C(=O)C(=C(C2=O)Cl)Cl,3.36
1612,C1=CC=C(C=C1)C=C(C#N)C#N,0.64
1613,C1=CC=C2C(=C1)C=CC(=O)C2=O,3.2
1614,C1=CC=C2C(=O)C=CC(=O)C2=C1,2.0
1615,C1=CC=C2C(=C1)C(=CC(=O)C2=O)O,0.8
1616,C1=CC2=C(C(=O)C=CC2=O)C(=C1)O,3.33
1617,C1=CC(=C2C(=O)C=CC(=O)C2=C1O)O,2.83
1618,C1=CC=C2C(=C1)C(=CC(=C2O)[N+](=O)[O-])[N+](=O)[O-],1.74
1619,C1=CC=C2C(=C1)C=CC=C2Br,1.86
1620,C1=CC=C2C(=C1)C=CC=C2Cl,0.81
1621,C1=CC=C2C(=C1)C=CC=C2F,0.39
1622,C1=CC=C2C(=C1)C=CC=C2I,2.17
1623,C1=CC=C2C(=C1)C=CC=C2[N+](=O)[O-],1.0
1624,C1=CC=C2C(=C1)C=CC(=C2O)[N+](=O)[O-],1.36
1625,C1=CC=C(C=C1)/C=C/C(=O)N=C=S,0.29
1626,C1=CC=C2C=CC=CC2=C1,0.11
1627,C1=CN=CC=C1C2=CC=NC=C2,0.21
1628,C1=CC=C2C(=C1)C=CC=C2O,0.76
1629,C1=CC=C2C=C(C=CC2=C1)O,0.79
1630,C1=CC2=C(C=CC=C2O)C(=C1)O,1.19
1631,C1=CC=C2C=C(C(=CC2=C1)O)O,1.0
1632,C1=CC(=CC2=C1C=CC(=C2)O)O,0.55
1633,C1=CC=C2C(=C1)C(=CC=C2[N+](=O)[O-])N,1.11
1634,CC1=NC2=CC=CC=C2C=C1,0.47
1635,C1=CC=C2C(=C1)C=CC=C2N,0.22
1636,CCOC(=O)C1=CC=C(C=C1)C#N,0.37
1637,COC(=O)C1=CC(=C(C=C1)C(=O)OC)[N+](=O)[O-],0.43
1638,C1CC2=C(C1)C=C(C=C2)N=C=S,2.48
1639,CC1=NC2=CC=CC=C2N=C1C,0.25
1640,C1=CC2=C(C=CC=C2N)C(=C1)N,0.54
1641,C1=CC2=C(C(=C1)N)C(=CC=C2)N,0.84
1642,C1=CC=C2C=C(C(=CC2=C1)N)N,0.46
1643,CC(C#C)(C1=CC=CC=C1)O,-0.18
1644,CC(=O)CC(=O)C1=CC=CC=C1,0.57
1645,C1CC(=O)OC1C2=CC=CC=C2,-0.05
1646,C=CC(=O)OCC1=CC=CC=C1,1.35
1647,COC(=O)/C=C/C1=CC=CC=C1,0.58
1648,COC(=O)C1=CC=CC=C1C(=O)OC,-0.49
1649,CC1=CC2=CC=CC=C2N1C,0.84
1650,C1=CC=C(C=C1)CCCC#N,0.15
1651,C1=CC=C(C=C1)CCCN=C=S,2.54
1652,COC1=CC=C(C=C1)CC=C,0.64
1653,CCCC(=O)C1=CC=CC=C1,0.22
1654,CCC(=O)CC1=CC=CC=C1,-0.21
1655,CC(C)C1=CC=C(C=C1)C=O,0.67
1656,CC1=CC(=C(C=C1C)O)C(=O)C,0.71
1657,C/C=C/C1=CC(=C(C=C1)O)OC,0.75
1658,COC1=C(C=CC(=C1)CC=C)O,0.42
1659,CC(=O)CCC1=CC=C(C=C1)O,-0.5
1660,CCOC(=O)C1=CC=C(C=C1)C,0.68
1661,CCCOC(=O)C1=CC=CC=C1,0.42
1662,CC1=C(C(=O)C(=C(C1=O)C)C)C,1.25
1663,CCOC(=O)C1=CC=C(C=C1)OC,0.77
1664,CCOC1=CC=C(C=C1)C(=O)OC,0.58
1665,COC1=CC(=C(C=C1C=O)OC)OC,-0.1
1666,CC(C)(C)C1=CC(=C(C(=C1)[N+](=O)[O-])O)[N+](=O)[O-],1.8
1667,CC(C)(C)C1=CC=C(C=C1)Br,0.75
1668,CC1=CC(=C(C=C1Cl)C(C)C)O,1.86
1669,CCCCOC1=CC=C(C=C1)[N+](=O)[O-],1.42
1670,CCCCC1=CC=CC=C1,1.25
1671,CCC[C@H](C1=CC=CC=C1)O,-0.01
1672,CCC[C@@H](C1=CC=CC=C1)O,-0.09
1673,CCC(CC1=CC=CC=C1)O,-0.16
1674,CC(C)(CC1=CC=CC=C1)O,-0.41
1675,CCC(CO)C1=CC=CC=C1,-0.11
1676,CCC(C)(C1=CC=CC=C1)O,0.06
1677,CC(C)(C)C1=CC=CC=C1O,1.27
1678,CC(CCO)C1=CC=CC=C1,0.01
1679,CC(C)(C)C1=CC(=CC=C1)O,0.74
1680,CCC(C)C1=CC=C(C=C1)O,0.98
1681,C1=CC=C(C=C1)CCCCO,-0.01
1682,CC(C)(C)C1=CC=C(C=C1)O,0.91
1683,CC(C)C1=CC=C(C=C1)CO,0.18
1684,CCCCOC1=CC=C(C=C1)O,0.7
1685,CC1=C(C(=C(C(=C1O)C)C)O)C,1.28
1686,CC(CCOC(=O)C=C)OC(=O)C=C,1.14
1687,CCC1=C(C(=CC=C1)CC)N,0.31
1688,CCC(C)C1=CC=C(C=C1)N,0.61
1689,CCCCC1=CC=C(C=C1)N,1.06
1690,C1=CC=C(C=C1)CCCCN,0.62
1691,CC(C)(C)C1=CC=C(C=C1)N,0.36
1692,CCN(CC)C1=CC=CC=C1,0.65
1693,CC(C)(C)C1=CC(=C(C=C1)O)N,0.37
1694,CCCCOC1=CC=C(C=C1)N,0.61
1695,C1C2CC3CC1CC(C2)(C3)O,-0.08
1696,CCCCCC#CC(=O)OCC,1.23
1697,CCCCCCC#CC(=O)OC,1.32
1698,CCOC(=O)C(CC=C)C(=O)OCC,-0.06
1699,CCOC(=O)C(=C(C)C)C(=O)OCC,-0.07
1700,CCCCCCC/C=C/C=O,1.85
1701,CCCCC/C=C/CCC=O,1.21
1702,CC/C=C\CCCCCC=O,0.95
1703,CC1(C2CCC1(C(C2)O)C)C,0.15
1704,CCCCCCCC#CCO,0.99
1705,CCCCCCC#CCCO,1.13
1706,CCCCCCC1CCC(=O)O1,0.49
1707,CCCCCC1CCCC(=O)O1,-0.08
1708,CCCCC(CC)C(=O)OC=C,1.05
1709,CCCCCCCC(=O)OC=C,-0.3
1710,CCCCCCCOC(=O)C=C,1.09
1711,CCCCCCOC(=O)C(=C)C,1.09
1712,CCCCCC/C=C/C(=O)OC,1.04
1713,CCCCCCC(=O)OCC=C,0.73
1714,CCCC(C(=O)OCC)C(=O)OCC,0.13
1715,CCOC(=O)CCCCC(=O)OCC,-0.18
1716,COC(=O)CCCCCCC(=O)OC,0.3
1717,C(CCCCC(=O)O)CCCC(=O)O,-0.27
1718,CCCCOC(=O)C(=O)OCCCC,-0.57
1719,CCCCCCC(C(=O)OCC)Br,1.5
1720,CCCCCCCCCN=C=S,2.44
1721,CCCCCCCC=CCO,1.15
1722,CCCCCCCCC(=O)C,0.5
1723,CCCCCCCC(=O)CC,0.54
1724,CCCCCCCCCC=O,1.24
1725,CCCCCCCCCC(=O)O,0.51
1726,CCCCCCCCC(=O)OC,1.0
1727,CCCCCCCCOC(=O)C,1.06
1728,CCCCCOCCCCC,1.09
1729,CCC(C)(CCCC(C)C)O,0.34
1730,CCCCCCCCCCO,1.23
1731,CCCCCCCCC(C)O,0.99
1732,CCCCCCC(CCC)O,0.85
1733,C(CCCCCO)CCCCO,0.22
1734,CCCCCCCCC(CO)O,0.76
1735,CCCCCCCCCCN,2.0
1736,C1CN(CCN1CCCN)CCCN,-0.66
1737,C1=CC=C2C(=C1)C=CC=C2C#N,0.69
1738,C1=CC=C2C(=C1)C=C(C(=O)O2)C(=O)CBr,2.66
1739,C1=CC=C2C(=C1)C=CC=C2N=C=S,2.14
1740,C1=CC=C2C(=C1)C=CC=C2C=O,0.42
1741,C1=CC=C2C(=C1)C=CC(=C2C=O)O,1.32
1742,CC1=CC(=O)C2=CC=CC=C2C1=O,1.54
1743,C1=CC=C2C(=C1)C(=CC=C2O)C=O,1.05
1744,C1=CC=C2C(=C1)C=CC=C2C(=O)O,0.4
1745,CC1=CC(=O)C2=C(C1=O)C=CC=C2O,2.2
1746,C1=CC=C2C(=C1)C=CC=C2CCl,0.43
1747,C1=CC=C(C=C1)C2=CC=CC=N2,0.29
1748,C1=CC=C(C=C1)C2=CN=CC=C2,0.49
1749,C1=CC=C(C=C1)C2=CC=NC=C2,0.66
1750,CC1=C(C2=CC=CC=C2C=C1)[N+](=O)[O-],1.04
1751,CC1=CC=CC2=CC=CC=C12,0.74
1752,CC1=CC2=CC=CC=C2C=C1,1.08
1753,COC1=CC=CC2=CC=CC=C21,0.8
1754,CC1=C(C2=CC=CC=C2C=C1)O,1.25
1755,C1=CC=C2C(=C1)C=CC=C2CO,0.13
1756,C1=CC=C2C=C(C=CC2=C1)CO,0.39
1757,CCOC(=O)C#CC1=CC=CC=C1,1.67
1758,CC1=CC2=C(C=C1)N=C(C=C2)C,0.68
1759,C1=CC=C2C(=C1)C=CC=C2CN,0.44
1760,CCOC(=O)C(C#N)C1=CC=CC=C1,-0.02
1761,CC(=O)OC/C=C/C1=CC=CC=C1,0.59
1762,CC(=C)C(=O)OCC1=CC=CC=C1,0.65
1763,CCOC(=O)/C=C/C1=CC=CC=C1,0.99
1764,CN(C)C1=CC=C(C=C1)/C=C/C=O,0.52
1765,CC1=C(C=C(C(=N1)C)C(=O)C)C(=O)C,-0.54
1766,CCOC(=O)C1=C(C=NC=C1)C(=O)OCC,-0.13
1767,CCCCC1=CC=C(C=C1)N=C=S,2.76
1768,CCCCC(=O)C1=CC=CC=C1,0.56
1769,C1CCC(C1)C2=CC=C(C=C2)O,1.29
1770,CC(C)COC(=O)C1=CC=CC=C1,0.98
1771,CCCCOC1=CC=C(C=C1)C=O,0.72
1772,CCCCOC(=O)C1=CC=CC=C1,0.92
1773,CCCCOC(=O)C1=CC=C(C=C1)O,1.33
1774,CCOC(=O)CC1=CC(=C(C=C1)O)OC,-0.23
1775,CCCCCC1=CC=CC=C1,1.79
1776,CC(C)(C)C1=CC=C(C=C1)CO,0.48
1777,CCCC(CC1=CC=CC=C1)O,0.16
1778,CC(C)(CCC1=CC=CC=C1)O,-0.07
1779,CC1=CC(=C(C=C1)O)C(C)(C)C,1.3
1780,CCC(C)(C)C1=CC=C(C=C1)O,1.23
1781,CCCCCC1=CC=C(C=C1)O,1.58
1782,C1=CC=C(C=C1)CCCCCO,0.48
1783,CCCCCOC1=CC=C(C=C1)O,1.36
1784,CCCCCC1=CC(=CC(=C1)O)O,1.31
1785,CCCCCC1=CC=C(C=C1)N,1.69
1786,CCCCCOC1=CC=C(C=C1)N,0.97
1787,CCOP(=O)(CC1=CC=CC=C1)OCC,-0.43
1788,CCCCCCC#CC(=O)OCC,1.37
1789,CCOC(=O)CCCC(=O)CC(=O)OCC,-0.38
1790,CCOC(=O)CCC(=O)CCC(=O)OCC,-0.64
1791,CCCCC(CC)COC(=O)CC#N,0.89
1792,CCCCCCCCOC(=O)CC#N,0.9
1793,CCCCC(C(=O)OCC)C(=O)OCC,0.56
1794,CCOC(=O)CCCCCC(=O)OCC,0.41
1795,CCCCCCCCCCC#N,1.65
1796,CCCCCCCCCCN=C=S,2.4
1797,CCCCCCCC/C=C/CO,1.62
1798,CCCCCCCCCC(=O)C,1.45
1799,CCCCCCCCCCC=O,1.65
1800,CCCCCCCCCC(=O)OC,1.38
1801,CCCCCCCCCCC(=O)O,0.9
1802,CCCCCCCCCCCO,1.97
1803,CCCCCCCCCC(C)O,1.58
1804,CCCCCCCCCCNC(=S)N,1.94
1805,CCCCCCCCCCCN,2.29
1806,C1=CC2=C(C3=C(C=CC=N3)C=C2)N=C1,0.1
1807,C1=CC2=C(C3=C(C=C2)N=CC=C3)N=C1,1.07
1808,C1=CC2=C(C=CC3=C2C=CC=N3)N=C1,1.14
1809,C1=CC=C2C(=C1)N=C3C=CC=CC3=N2,1.4
1810,C1=CC=C2C(=C1)C3=CC=CC=C3O2,1.42
1811,C1=CC=C(C=C1)C2=C(C(=CC(=C2)Br)Br)O,2.21
1812,C1=CC(=CN=C1)C(=O)C2=CC=C(C=C2)Br,0.82
1813,C1=CC=C(C=C1)C2=CC(=O)C=CC2=O,2.83
1814,C1=CC=C2C(=C1)OC3=CC=CC=C3S2,2.04
1815,C1=CC=C(C=C1)C2=CC=C(C=C2)F,0.53
1816,C1=CC=C2C(=C1)C3=CC=CC=C3N2,0.92
1817,C1=CC=C2C=C(C=CC2=C1)C(=O)CBr,2.96
1818,C1=CC(=CC=C1C2=CC=C(C=C2)Br)O,2.31
1819,C1=CC=C(C=C1)C(=O)C2=CC=NC=C2,-0.1
1820,C1=CC=C(C=C1)C2=CC=CC=C2[N+](=O)[O-],1.3
1821,C1=CC=C(C=C1)C2=CC(=CC=C2)[N+](=O)[O-],1.57
1822,C1=CC=C(C=C1)OC2=CC=C(C=C2)[N+](=O)[O-],1.58
1823,C1=CC=C2C(=C1)C=CC=C2CN=C=S,3.05
1824,C=CC1=CC2=CC=CC=C2C=C1,1.24
1825,C1=CC=C(C=C1)C2=CC=CC=C2,1.05
1826,CC1=C(C2=CC=CC=C2C=C1)C=O,1.23
1827,C1=CC=C(C=C1)C2=CC=CC=C2O,1.09
1828,C1=CC=C(C=C1)C2=CC(=CC=C2)O,1.35
1829,CC1=CC=C(C2=CC=CC=C12)C=O,1.12
1830,C1=CC=C(C=C1)C2=CC=C(C=C2)O,1.39
1831,C1=CC=C(C=C1)N=NC2=CC=C(C=C2)O,1.66
1832,C1=CC=C(C(=C1)C2=CC=CC=C2O)O,0.88
1833,C1=CC=C2C(=C1)C=CC=C2CC(=O)O,0.14
1834,C1=CC=C(C=C1)C2=C(C=CC(=C2)O)O,2.01
1835,C1=CC=C(C=C1)OC2=CC=C(C=C2)O,1.36
1836,CC(=O)OC1=CC=CC2=CC=CC=C21,0.64
1837,C1=CC=C(C=C1)NC2=CC=C(C=C2)[N+](=O)[O-],1.89
1838,C1=CC=C(C=C1)CSC2=C(C=CC=N2)[N+](=O)[O-],1.72
1839,C1=CC=C(C=C1)CC2=CC=CC=N2,0.39
1840,C1=CC=C(C=C1)C2=CC=CC=C2N,0.86
1841,C1=CC=C(C=C1)CC2=CN=CC=C2,0.69
1842,C1=CC=C(C=C1)C2=CC(=CC=C2)N,0.78
1843,C1=CC=C(C=C1)CC2=CC=NC=C2,0.66
1844,C1=CC=C(C=C1)C2=CC=C(C=C2)N,0.9
1845,C1=CC=C(C=C1)N=NC2=CC=C(C=C2)N,1.42
1846,C1=CC=C(C=C1)NC2=CC(=CC=C2)O,1.01
1847,C1=CC=C(C=C1)OC2=CC=C(C=C2)N,0.98
1848,C1=CC=C(C=C1)C[N+]2=CC=CC(=C2)S(=O)(=O)[O-],-1.5
1849,CC1=C(C2=CC=CC=C2C=C1)C,1.31
1850,CC1=CC=C(C2=CC=CC=C12)C,1.43
1851,CCC1=CC=CC2=CC=CC=C21,0.89
1852,C1=CN=CC=C1CCC2=CC=NC=C2,-0.03
1853,CCOC1=CC=CC2=CC=CC=C21,1.25
1854,C1=CC=C2C(=C1)C=CC=C2CCO,0.27
1855,C1=CC=C2C=C(C=CC2=C1)CCO,0.49
1856,CC(C1=CC=CC2=CC=CC=C21)N,0.54
1857,CN(C)C1=CC=CC2=CC=CC=C21,0.86
1858,CCCOC(=O)/C=C/C1=CC=CC=C1,1.23
1859,CCOC(=O)C1=CC=CC=C1C(=O)OCC,0.16
1860,CCCCCC(=O)C1=CC=CC=C1,1.19
1861,C1CCC(CC1)C2=CC=C(C=C2)O,1.56
1862,CCCCCOC1=CC=C(C=C1)C=O,1.18
1863,CC(C)(C)C1=CC=C(C=C1)C(=O)OC,0.92
1864,CCCCCOC(=O)C1=CC=CC=C1,1.37
1865,CC(C)CCOC(=O)C1=CC=C(C=C1)O,1.48
1866,C1CCC(CC1)C2=CC=C(C=C2)N,1.09
1867,CC1=CC(=C(C(=C1)C(C)(C)C)O)C,1.2
1868,C1=CC=C(C=C1)CCCCCCO,0.87
1869,CCCCCCOC1=CC=C(C=C1)O,1.64
1870,CCCCCCC1=C(C=C(C=C1)O)O,1.8
1871,CC(C)(C)OC(=O)C#CC(=O)OC(C)(C)C,2.3
1872,CC(C)C1=C(C(=CC=C1)C(C)C)N,0.77
1873,CCCCCCC1=CC=C(C=C1)N,2.04
1874,CCCCCCOC1=CC=C(C=C1)N,1.38
1875,CC(=O)O[C@@H]1C[C@@H]2CC[C@]1(C2(C)C)C,0.68
1876,CCCCOC(=O)/C=C/C(=O)OCCCC,1.48
1877,CCCCOC(=O)/C=C\C(=O)OCCCC,1.01
1878,CCCCC(CC)COC(=O)C(=C)C,1.57
1879,COC(=O)CCCCCCCCC(=O)OC,1.01
1880,CCCCOC(=O)CCC(=O)OCCCC,0.51
1881,CCOC(=O)CCCCCCC(=O)OCC,0.7
1882,C(CCCCCC(=O)O)CCCCC(=O)O,-0.09
1883,CCCCCCCCCCCC#N,1.9
1884,CCCCCCCCCC=CCO,2.08
1885,CCCCCCCCCCC(=O)C,1.59
1886,CCCCCCCCCCCC=O,1.72
1887,CCCCCCCCCCOC(=O)C,1.88
1888,CCCCCCCCCCCC(=O)O,1.42
1889,CCCCCCCCCCCCO,2.12
1890,CCCCCCCCCCC(C)O,1.66
1891,CCCCCCCCC(CCC)O,1.65
1892,C1=C(C(=C(C(=C1Cl)Cl)CC2=C(C(=CC(=C2Cl)Cl)Cl)O)O)Cl,3.04
1893,C1=CC=C(C=C1)C2=CC=C(C=C2)C#N,1.24
1894,C1=CC=C2C(=C1)C=C3C=CC=CC3=N2,1.39
1895,C1=CC=C2C(=C1)C=CC3=C2N=CC=C3,1.31
1896,C1=CC=C2C(=C1)C=NC3=CC=CC=C23,1.4
1897,C1=CC=C(C=C1)C(=O)C2=CC=C(C=C2)Br,1.5
1898,C1=CC=C(C=C1)C(=O)C2=CC(=CC=C2)Cl,1.55
1899,C1=CC=C(C=C1)C(=O)C2=CC=C(C=C2)Cl,1.51
1900,C1=CC=C(C=C1)C(=O)C2=CC=CC=C2F,1.04
1901,C1=CC=C(C=C1)C2=CC=C(C=C2)C=O,1.12
1902,C1=CC=C(C=C1)C(=O)C2=CC=CC=C2,0.87
1903,C1=CC=C(C=C1)C(=O)C2=CC=CC=C2O,1.23
1904,C1=CC=C(C=C1)C(=O)C2=CC=C(C=C2)O,1.02
1905,C1=CC=C(C=C1)OC2=CC=C(C=C2)C=O,1.26
1906,C1=CC=C(C=C1)C2=CC=C(C=C2)C(=O)O,0.98
1907,C1=CC=C(C=C1)C(=O)OC2=CC=CC=C2,1.35
1908,C1=CC(=C(C=C1Cl)CC2=C(C=CC(=C2)Cl)O)O,3.09
1909,C1=CC=C(C(=C1)C(=O)C2=CC=CC=C2O)O,1.16
1910,C1=CC=C(C=C1)C(=O)OC2=CC=CC(=C2)O,1.11
1911,C1=CC=C(C=C1)C(=O)C2=C(C=C(C=C2)O)O,1.37
1912,C1=CC=C(C=C1)OC(=O)C2=CC=C(C=C2)O,1.37
1913,C1=CC=C(C=C1)C(=O)C2=C(C(=C(C=C2)O)O)O,0.88
1914,C1=CC(=C(C=C1O)O)C(=O)C2=C(C=C(C=C2)O)O,0.96
1915,C1=CC=C(C=C1)C(=O)C2=CC=C(C=C2)N,0.68
1916,C1=CC=C(C=C1)OC(=O)C2=C(C=C(C=C2)N)O,1.41
1917,CC1=CC=C(C=C1)C2=CC=CC=C2,1.66
1918,C1=CC=C(C=C1)C2=CC=CC=C2CO,0.82
1919,C1=CC=C(C=C1)C2=CC=C(C=C2)CO,0.92
1920,C1=CC=C(C=C1)CC2=CC=CC=C2O,1.31
1921,C1=CC=C(C=C1)CC2=CC=C(C=C2)O,1.2
1922,C1=CC=C(C=C1)C(C2=CC=CC=C2)O,0.5
1923,C1=CC=C(C=C1)COC2=CC=C(C=C2)O,1.04
1924,C1=CC=C(C=C1)NC(=S)NC2=CC=CC=C2,0.88
1925,CC1=CC(=NC=C1)NCC2=CC=CC=C2,0.95
1926,CCCCOC(=O)/C=C/C1=CC=CC=C1,1.53
1927,CC(C)(C)C1=CC=C(C=C1)C(=O)OC=C,1.57
1928,CCCCCCC(=O)C1=CC=CC=C1,1.54
1929,CC(C)CC(=O)OCCC1=CC=CC=C1,1.1
1930,CCOC(=O)C1=CC=C(C=C1)C(C)(C)C,1.42
1931,CCCCCCOC(=O)C1=CC=CC=C1,1.94
1932,CCCCCCCOC1=CC=C(C=C1)O,2.03
1933,CCCCCCCCCCOC(=O)CC#N,1.7
1934,CCCCCCCCCCC#CCO,2.33
1935,CCCCCCCCCC(=O)OCC=C,0.48
1936,CCCCCCCCCCCC(=O)C,2.08
1937,CCCCCCC(=O)CCCCCC,1.52
1938,CCCCCCCCCCCCCO,2.37
1939,CCCCCCCCCCCC(C)O,2.17
1940,CCCCCCCC(CCCCC)O,2.24
1941,C1=CC=C2C=C3C(=O)C=CC(=O)C3=CC2=C1,2.97
1942,C1=CC=C2C(=C1)C3=CC=CC=C3C(=O)C2=O,2.9
1943,C1C2=CC=CC=C2C3=C1C=C(C=C3)C=O,1.5
1944,C1=CC=C2C(=C1)C=C3C(=C2O)C=CC(=C3O)O,1.34
1945,C=CN1C2=CC=CC=C2C3=CC=CC=C31,2.24
1946,C1=CC=C(C=C1)C(C2=CC=CC=C2)N=C=S,3.05
1947,CC1=CC=CC=C1C(=O)C2=CC=CC=C2,1.41
1948,CC1=CC=C(C=C1)C(=O)C2=CC=CC=C2,1.4
1949,CC(=O)C1=CC=C(C=C1)C2=CC=CC=C2,0.92
1950,C1=CC=C(C=C1)CC(=O)C2=CC=C(C=C2)O,1.07
1951,C1=CC=C(C=C1)C2=CC=C(C=C2)CC(=O)O,0.79
1952,C1=CC=C(C=C1)COC(=O)C2=CC=CC=C2,1.45
1953,COC1=CC(=C(C=C1)C(=O)C2=CC=CC=C2)O,1.42
1954,C1=CC=C(C=C1)COC(=O)C2=CC=C(C=C2)O,1.55
1955,CCC1=CC=C(C=C1)C2=CC=CC=C2,1.97
1956,C1=CC=C(C=C1)C(CO)C2=CC=CC=C2,0.65
1957,CCCOC(=O)C1=CC=CC=C1C(=O)OCCC,0.98
1958,CCOC(=O)C(CC1=CC=CC=C1)C(=O)OCC,0.71
1959,CCCCCCCC(=O)C1=CC=CC=C1,1.88
1960,CC(C)(C)C1=CC(=CC(=C1)O)C(C)(C)C,1.64
1961,CC(C)(C)CC(C)(C)C1=CC=C(C=C1)O,2.1
1962,CC(C)(C)C1=CC(=C(C(=C1)O)O)C(C)(C)C,2.11
1963,CC(C)(C)C1=CC(=CC(=C1)N)C(C)(C)C,1.44
1964,CCCCCCCCC1=CC=C(C=C1)N,2.38
1965,CCCCCCCCCCC#CCCO,2.45
1966,CCOC(=O)CCCCCCCCC(=O)OCC,1.35
1967,CCCCOC(=O)CCCCC(=O)OCCCC,0.79
1968,C(CCCCCCC(=O)O)CCCCCC(=O)O,0.08
1969,CCCCCCCCCCCCCCO,1.67
1970,C1=CC=C2C(=C1)C=C(C3=CC=CC=C23)C=O,1.71
1971,C1=CC=C(C=C1)C2=CC(=O)C3=CC=CC=C3O2,1.41
1972,C1=CC=C(C=C1)/C=C/C(=O)C2=CC=CC=C2,1.51
1973,CC1=C(C(=CC=C1)NC2=CC=CC=C2C(=O)O)C,1.52
1974,CC(C(C1=CC=CC=C1)C2=CC=CC=C2)O,0.75
1975,CC(CC1=CC=CC=C1)(C2=CC=CC=C2)O,0.8
1976,C1=CC=C(C=C1)C(CCO)C2=CC=CC=C2,1.04
1977,CCCCC(CC)COC(=O)C1=CC=C(C=C1)O,2.51
1978,CC1=CC(=C(C(=C1)C(C)(C)C)O)C(C)(C)C,1.79
1979,CCCCCCCCCC1=CC=C(C=C1)O,2.44
1980,CN(C)CC1=CC(=C(C(=C1)CN(C)C)O)CN(C)C,-0.52
1981,COC(=O)CCCCCCCCCCCC(=O)OC,1.65
1982,C1=CC=C(C=C1)C2=CC=CC3=CC=CC=C32,2.04
1983,CC(C)COC(=O)C1=CC=CC=C1C(=O)OCC(C)C,1.44
1984,CCCCOC(=O)C1=CC=CC=C1C(=O)OCCCC,1.6
1985,CCCCCCCCCOC(=O)C1=CC=C(C=C1)O,2.63
1986,CCCCOC(=O)CCCCCCC(=O)OCCCC,1.66
1987,C1=CC=C2C(=C1)C=CC3=C2C=CC4=C3C(=O)C=CC4=O,2.08
1988,C1=CC2=C3C(=C1)C=CC4=C(C=CC(=C43)C=C2)C(=O)CBr,2.39
1989,C1=CC=C(C=C1)C2=CC(=O)C(=CC2=O)C3=CC=CC=C3,1.48
1990,C1=CC=C(C=C1)C2=C(C(=CC=C2)C3=CC=CC=C3)O,2.11
1991,C1=CC=C(C=C1)P(=O)(C2=CC=CC=C2)C3=CC=CC=C3,0.77
1992,C1=CC=C(C=C1)OP(=O)(OC2=CC=CC=C2)OC3=CC=CC=C3,1.81
1993,CC(C)(C)C1=CC(=C(C(=C1)C(C)(C)C)O)C(C)(C)C,0.36
1994,C1=CC=C2C(=C1)C(=C(C(=O)O2)CC3=C(C4=CC=CC=C4OC3=O)O)O,1.7
