Id,Name,InChI
1,"1,1'-Bi(cyclohexyl)-2-one","InChI=1S/C12H20O/c13-12-9-5-4-8-11(12)10-6-2-1-3-7-10/h10-11H,1-9H2"
2,"[1,1'-Biphenyl]-4-amine","InChI=1S/C12H11N/c13-12-8-6-11(7-9-12)10-4-2-1-3-5-10/h1-9H,13H2"
3,(1-Methylpropyl)cyclohexane,"InChI=1S/C10H20/c1-3-9(2)10-7-5-4-6-8-10/h9-10H,3-8H2,1-2H3"
4,"(3E)-1,3-Hexadiene","InChI=1S/C6H10/c1-3-5-6-4-2/h3,5-6H,1,4H2,2H3/b6-5+"
5,"(3E)-1,3-Pentadiene, 2-methyl-","InChI=1S/C6H10/c1-4-5-6(2)3/h4-5H,2H2,1,3H3/b5-4+"
6,"1-(1,1-Dimethylethoxy)-2-methyl-propane","InChI=1S/C8H18O/c1-7(2)6-9-8(3,4)5/h7H,6H2,1-5H3"
7,"1,1'-(1,2-Ethanediyl)bis(4-ethyl-)benzene","InChI=1S/C18H22/c1-3-15-5-9-17(10-6-15)13-14-18-11-7-16(4-2)8-12-18/h5-12H,3-4,13-14H2,1-2H3"
8,"1,1':2',1''-Terphenyl",InChI=1S/C18H14/c1-3-9-15(10-4-1)17-13-7-8-14-18(17)16-11-5-2-6-12-16/h1-14H
9,"1,1':3',1''-Terphenyl",InChI=1S/C18H14/c1-3-8-15(9-4-1)17-12-7-13-18(14-17)16-10-5-2-6-11-16/h1-14H
10,"1,10-Decanediol","InChI=1S/C10H22O2/c11-9-7-5-3-1-2-4-6-8-10-12/h11-12H,1-10H2"
11,"1,1'-Bicyclohexyl","InChI=1S/C12H22/c1-3-7-11(8-4-1)12-9-5-2-6-10-12/h11-12H,1-10H2"
12,"1,1-Ethanediol diacetate","InChI=1S/C6H10O4/c1-4(7)9-6(3)10-5(2)8/h6H,1-3H3"
13,"1,2,3-Propanetriol triacetate","InChI=1S/C9H14O6/c1-6(10)13-4-9(15-8(3)12)5-14-7(2)11/h9H,4-5H2,1-3H3"
14,"1,2,4-Benzenetricarboxylic acid, triheptyl ester","InChI=1S/C30H48O6/c1-4-7-10-13-16-21-34-28(31)25-19-20-26(29(32)35-22-17-14-11-8-5-2)27(24-25)30(33)36-23-18-15-12-9-6-3/h19-20,24H,4-18,21-23H2,1-3H3"
15,"1,2,4-Benzenetricarboxylic acid, trimethyl ester","InChI=1S/C12H12O6/c1-16-10(13)7-4-5-8(11(14)17-2)9(6-7)12(15)18-3/h4-6H,1-3H3"
16,"1,2,4-Butanetriol","InChI=1S/C4H10O3/c5-2-1-4(7)3-6/h4-7H,1-3H2"
17,"1,2-Benzene dicarboxylic acid, heptyl undecyl ester","InChI=1S/C26H42O4/c1-3-5-7-9-10-11-12-14-18-22-30-26(28)24-20-16-15-19-23(24)25(27)29-21-17-13-8-6-4-2/h15-16,19-20H,3-14,17-18,21-22H2,1-2H3"
18,"1,2-Benzenediamine","InChI=1S/C6H8N2/c7-5-3-1-2-4-6(5)8/h1-4H,7-8H2"
19,"1,2-Benzenedicarboxylic acid, bis(2-ethylhexyl) ester","InChI=1S/C24H38O4/c1-5-9-13-19(7-3)17-27-23(25)21-15-11-12-16-22(21)24(26)28-18-20(8-4)14-10-6-2/h11-12,15-16,19-20H,5-10,13-14,17-18H2,1-4H3"
20,"1,2-Benzenedicarboxylic acid, bis(2-methylpropyl) ester","InChI=1S/C16H22O4/c1-11(2)9-19-15(17)13-7-5-6-8-14(13)16(18)20-10-12(3)4/h5-8,11-12H,9-10H2,1-4H3"
21,"1,2-Benzenedicarboxylic acid, dibutyl ester","InChI=1S/C16H22O4/c1-3-5-11-19-15(17)13-9-7-8-10-14(13)16(18)20-12-6-4-2/h7-10H,3-6,11-12H2,1-2H3"
22,"1,2-Benzenedicarboxylic acid, diethyl ester","InChI=1S/C12H14O4/c1-3-15-11(13)9-7-5-6-8-10(9)12(14)16-4-2/h5-8H,3-4H2,1-2H3"
23,"1,2-Benzenedicarboxylic acid, diheptyl ester","InChI=1S/C22H34O4/c1-3-5-7-9-13-17-25-21(23)19-15-11-12-16-20(19)22(24)26-18-14-10-8-6-4-2/h11-12,15-16H,3-10,13-14,17-18H2,1-2H3"
24,"1,2-Benzenedicarboxylic acid, dihexyl ester","InChI=1S/C20H30O4/c1-3-5-7-11-15-23-19(21)17-13-9-10-14-18(17)20(22)24-16-12-8-6-4-2/h9-10,13-14H,3-8,11-12,15-16H2,1-2H3"
25,"1,2-Benzenedicarboxylic acid, diisodecyl ester","InChI=1S/C28H46O4/c1-23(2)17-11-7-5-9-15-21-31-27(29)25-19-13-14-20-26(25)28(30)32-22-16-10-6-8-12-18-24(3)4/h13-14,19-20,23-24H,5-12,15-18,21-22H2,1-4H3"
26,"1,2-Benzenedicarboxylic acid, diisooctyl ester","InChI=1S/C24H38O4/c1-19(2)13-7-5-11-17-27-23(25)21-15-9-10-16-22(21)24(26)28-18-12-6-8-14-20(3)4/h9-10,15-16,19-20H,5-8,11-14,17-18H2,1-4H3"
27,"1,2-Benzenedicarboxylic acid, dimethyl ester","InChI=1S/C10H10O4/c1-13-9(11)7-5-3-4-6-8(7)10(12)14-2/h3-6H,1-2H3"
28,"1,2-Benzenedicarboxylic acid, dipropyl ester","InChI=1S/C14H18O4/c1-3-9-17-13(15)11-7-5-6-8-12(11)14(16)18-10-4-2/h5-8H,3-4,9-10H2,1-2H3"
29,"1,2-Benzenedicarboxylic acid, diundecyl ester","InChI=1S/C30H50O4/c1-3-5-7-9-11-13-15-17-21-25-33-29(31)27-23-19-20-24-28(27)30(32)34-26-22-18-16-14-12-10-8-6-4-2/h19-20,23-24H,3-18,21-22,25-26H2,1-2H3"
30,"1,2-Benzenedicarboxylic acid, heptyl, nonyl ester","InChI=1S/C24H38O4/c1-3-5-7-9-10-12-16-20-28-24(26)22-18-14-13-17-21(22)23(25)27-19-15-11-8-6-4-2/h13-14,17-18H,3-12,15-16,19-20H2,1-2H3"
31,"1,2-Benzenedicarboxylic acid, nonyl undecyl ester","InChI=1S/C28H46O4/c1-3-5-7-9-11-12-14-16-20-24-32-28(30)26-22-18-17-21-25(26)27(29)31-23-19-15-13-10-8-6-4-2/h17-18,21-22H,3-16,19-20,23-24H2,1-2H3"
32,"1,2-Benzenediol, 4-(1,1-dimethylethyl)-","InChI=1S/C10H14O2/c1-10(2,3)7-4-5-8(11)9(12)6-7/h4-6,11-12H,1-3H3"
33,"1,2-Butadiene, 3-methyl","InChI=1S/C5H8/c1-4-5(2)3/h1H2,2-3H3"
34,"1,2-Butanediol","InChI=1S/C4H10O2/c1-2-4(6)3-5/h4-6H,2-3H2,1H3"
35,"1,2-Ethanediamine, N,N,N',N'-tetramethyl-","InChI=1S/C6H16N2/c1-7(2)5-6-8(3)4/h5-6H2,1-4H3"
36,"1,2-Ethanediol, diacetate","InChI=1S/C6H10O4/c1-5(7)9-3-4-10-6(2)8/h3-4H2,1-2H3"
37,"1,2-Hexadiene","InChI=1S/C6H10/c1-3-5-6-4-2/h5H,1,4,6H2,2H3"
38,"1,2-Pentadiene","InChI=1S/C5H8/c1-3-5-4-2/h5H,1,4H2,2H3"
39,"1,2-Propanediol","InChI=1S/C3H8O2/c1-3(5)2-4/h3-5H,2H2,1H3"
40,"1,2-Propanediol, 3-chloro-","InChI=1S/C3H7ClO2/c4-1-3(6)2-5/h3,5-6H,1-2H2"
41,"1,3,5-Trioxane, 2,4,6-trimethyl-","InChI=1S/C6H12O3/c1-4-7-5(2)9-6(3)8-4/h4-6H,1-3H3"
42,"1,3-Benzenediamine, 2-methyl-","InChI=1S/C7H10N2/c1-5-6(8)3-2-4-7(5)9/h2-4H,8-9H2,1H3"
43,"1,3-Benzenedicarbonyl dichloride",InChI=1S/C8H4Cl2O2/c9-7(11)5-2-1-3-6(4-5)8(10)12/h1-4H
44,"1,3-Benzenedicarboxylic acid, dimethyl ester","InChI=1S/C10H10O4/c1-13-9(11)7-4-3-5-8(6-7)10(12)14-2/h3-6H,1-2H3"
45,"1,3-Butadiene, 2-chloro-","InChI=1S/C4H5Cl/c1-3-4(2)5/h3H,1-2H2"
46,"1,3-Butanediol","InChI=1S/C4H10O2/c1-4(6)2-3-5/h4-6H,2-3H2,1H3"
47,"1,3-Cyclohexadiene","InChI=1S/C6H8/c1-2-4-6-5-3-1/h1-4H,5-6H2"
48,"1,3-Cyclohexadiene, 1-methyl-4-(1-methylethyl)-","InChI=1S/C10H16/c1-8(2)10-6-4-9(3)5-7-10/h4,6,8H,5,7H2,1-3H3"
49,"1,3-Cyclohexadiene, 2-methyl-5-(1-methylethyl)-","InChI=1S/C10H16/c1-8(2)10-6-4-9(3)5-7-10/h4-6,8,10H,7H2,1-3H3"
50,"1,3-Dioxane",InChI=1S/C4H8O2/c1-2-5-4-6-3-1/h1-4H2
51,"1,3-Isobenzofurandione",InChI=1S/C8H4O3/c9-7-5-3-1-2-4-6(5)8(10)11-7/h1-4H
52,"1,3-Pentadiene, (E)-","InChI=1S/C5H8/c1-3-5-4-2/h3-5H,1H2,2H3/b5-4+"
53,"1,3-Pentadiene, (Z)-","InChI=1S/C5H8/c1-3-5-4-2/h3-5H,1H2,2H3/b5-4-"
54,"1,3-Pentanediol, 2-methyl","InChI=1S/C6H14O2/c1-3-6(8)5(2)4-7/h5-8H,3-4H2,1-2H3"
55,"1,3-Propanediol, 2,2-dimethyl-","InChI=1S/C5H12O2/c1-5(2,3-6)4-7/h6-7H,3-4H2,1-2H3"
56,"1,3-Propanediol, 2-ethyl-2-(hydroxymethyl)-","InChI=1S/C6H14O3/c1-2-6(3-7,4-8)5-9/h7-9H,2-5H2,1H3"
57,"1,3-Propanediol, 2-methyl-","InChI=1S/C4H10O2/c1-4(2-5)3-6/h4-6H,2-3H2,1H3"
58,"1,4-Benzenediamine","InChI=1S/C6H8N2/c7-5-1-2-6(8)4-3-5/h1-4H,7-8H2"
59,"1,4-Benzenediamine, N-phenyl-","InChI=1S/C12H12N2/c13-10-6-8-12(9-7-10)14-11-4-2-1-3-5-11/h1-9,14H,13H2"
60,"1,4-Benzenedicarboxaldehyde",InChI=1S/C8H6O2/c9-5-7-1-2-8(6-10)4-3-7/h1-6H
61,"1,4-Benzenedicarboxylic acid","InChI=1S/C8H6O4/c9-7(10)5-1-2-6(4-3-5)8(11)12/h1-4H,(H,9,10)(H,11,12)"
62,"1,4-Benzenedicarboxylic acid, bis(2-hydroxyethyl) ester","InChI=1S/C12H14O6/c13-5-7-17-11(15)9-1-2-10(4-3-9)12(16)18-8-6-14/h1-4,13-14H,5-8H2"
63,"1,4-Benzenedicarboxylic acid, dimethyl ester","InChI=1S/C10H10O4/c1-13-9(11)7-3-5-8(6-4-7)10(12)14-2/h3-6H,1-2H3"
64,"1,4-Benzenedicarboxylic acid, dioctyl ester","InChI=1S/C24H38O4/c1-3-5-7-9-11-13-19-27-23(25)21-15-17-22(18-16-21)24(26)28-20-14-12-10-8-6-4-2/h15-18H,3-14,19-20H2,1-2H3"
65,"1,4-Butanediol","InChI=1S/C4H10O2/c5-3-1-2-4-6/h5-6H,1-4H2"
66,"1,4-Cyclohexadiene, 1-methyl-4-(1-methylethyl)-","InChI=1S/C10H16/c1-8(2)10-6-4-9(3)5-7-10/h4,7-8H,5-6H2,1-3H3"
67,"1,4-Cyclohexane dicarboxylic acid dimethyl ester","InChI=1S/C10H16O4/c1-13-9(11)7-3-5-8(6-4-7)10(12)14-2/h7-8H,3-6H2,1-2H3"
68,"1,4-Cyclohexanedicarboxylic acid, trans-","InChI=1S/C8H12O4/c9-7(10)5-1-2-6(4-3-5)8(11)12/h5-6H,1-4H2,(H,9,10)(H,11,12)/t5-,6-"
69,"1,4-Cyclohexanedimethanol","InChI=1S/C8H16O2/c9-5-7-1-2-8(6-10)4-3-7/h7-10H,1-6H2"
70,"1,4-Hexadiene","InChI=1S/C6H10/c1-3-5-6-4-2/h3-4,6H,1,5H2,2H3"
71,"1,4-Pentadiene","InChI=1S/C5H8/c1-3-5-4-2/h3-4H,1-2,5H2"
72,"1,5,9-Cyclododecatriene,(E,E,Z)","InChI=1S/C12H18/c1-2-4-6-8-10-12-11-9-7-5-3-1/h1-2,7-10H,3-6,11-12H2/b2-1-,9-7-,10-8-"
73,"1,5-Cyclooctadiene","InChI=1S/C8H12/c1-2-4-6-8-7-5-3-1/h1-2,7-8H,3-6H2"
74,"1,5-Hexadiene, 2,5-dimethyl-","InChI=1S/C8H14/c1-7(2)5-6-8(3)4/h1,3,5-6H2,2,4H3"
75,"1,5-Pentanediamine",InChI=1S/C5H14N2/c6-4-2-1-3-5-7/h1-7H2
76,"1,5-Pentanediol","InChI=1S/C5H12O2/c6-4-2-1-3-5-7/h6-7H,1-5H2"
77,"1,6-Hexanediol","InChI=1S/C6H14O2/c7-5-3-1-2-4-6-8/h7-8H,1-6H2"
78,"1,9-Decadiene","InChI=1S/C10H18/c1-3-5-7-9-10-8-6-4-2/h3-4H,1-2,5-10H2"
79,1-Butanamine,"InChI=1S/C4H11N/c1-2-3-4-5/h2-5H2,1H3"
80,"1-Butanamine, N,N-dibutyl-","InChI=1S/C12H27N/c1-4-7-10-13(11-8-5-2)12-9-6-3/h4-12H2,1-3H3"
81,"1-Butanamine, N,N-dimethyl-","InChI=1S/C6H15N/c1-4-5-6-7(2)3/h4-6H2,1-3H3"
82,"1-Butanamine, N-butyl-","InChI=1S/C8H19N/c1-3-5-7-9-8-6-4-2/h9H,3-8H2,1-2H3"
83,1-Butanethiol,"InChI=1S/C4H10S/c1-2-3-4-5/h5H,2-4H2,1H3"
84,1-Butanol,"InChI=1S/C4H10O/c1-2-3-4-5/h5H,2-4H2,1H3"
85,"1-Butanol, 2-ethyl-","InChI=1S/C6H14O/c1-3-6(4-2)5-7/h6-7H,3-5H2,1-2H3"
86,"1-Butanol, 2-methyl-","InChI=1S/C5H12O/c1-3-5(2)4-6/h5-6H,3-4H2,1-2H3"
87,"1-Butanol, 3-methyl-","InChI=1S/C5H12O/c1-5(2)3-4-6/h5-6H,3-4H2,1-2H3"
88,"1-Butanol, 3-methyl-, acetate","InChI=1S/C7H14O2/c1-6(2)4-5-9-7(3)8/h6H,4-5H2,1-3H3"
89,"1-Buten-3-yne, 2-methyl-","InChI=1S/C5H6/c1-4-5(2)3/h1H,2H2,3H3"
90,"1-Butene, 2,3,3-trimethyl-","InChI=1S/C7H14/c1-6(2)7(3,4)5/h1H2,2-5H3"
91,"1-Butene, 2,3-dimethyl-","InChI=1S/C6H12/c1-5(2)6(3)4/h6H,1H2,2-4H3"
92,"1-Butene, 2-methyl-","InChI=1S/C5H10/c1-4-5(2)3/h2,4H2,1,3H3"
93,"1-Butene, 3,3-dimethyl-","InChI=1S/C6H12/c1-5-6(2,3)4/h5H,1H2,2-4H3"
94,"1-Butene, 3,4-dichloro-","InChI=1S/C4H6Cl2/c1-2-4(6)3-5/h2,4H,1,3H2"
95,"1-Butene, 3-methyl-","InChI=1S/C5H10/c1-4-5(2)3/h4-5H,1H2,2-3H3"
96,1-Butyne,"InChI=1S/C4H6/c1-3-4-2/h1H,4H2,2H3"
97,"1-Butyne, 3-methyl-","InChI=1S/C5H8/c1-4-5(2)3/h1,5H,2-3H3"
98,1-Decanamine,"InChI=1S/C10H23N/c1-2-3-4-5-6-7-8-9-10-11/h2-11H2,1H3"
99,1-Decanethiol,"InChI=1S/C10H22S/c1-2-3-4-5-6-7-8-9-10-11/h11H,2-10H2,1H3"
100,"1-Decanol, 2-butyl","InChI=1S/C14H30O/c1-3-5-7-8-9-10-12-14(13-15)11-6-4-2/h14-15H,3-13H2,1-2H3"
101,1-Decene,"InChI=1S/C10H20/c1-3-5-7-9-10-8-6-4-2/h3H,1,4-10H2,2H3"
102,1-Decyne,"InChI=1S/C10H18/c1-3-5-7-9-10-8-6-4-2/h1H,4-10H2,2H3"
103,1-Dodecanal,"InChI=1S/C12H24O/c1-2-3-4-5-6-7-8-9-10-11-12-13/h12H,2-11H2,1H3"
104,1-Dodecanamine,"InChI=1S/C12H27N/c1-2-3-4-5-6-7-8-9-10-11-12-13/h2-13H2,1H3"
105,1-Dodecanethiol,"InChI=1S/C12H26S/c1-2-3-4-5-6-7-8-9-10-11-12-13/h13H,2-12H2,1H3"
106,1-Dodecanol,"InChI=1S/C12H26O/c1-2-3-4-5-6-7-8-9-10-11-12-13/h13H,2-12H2,1H3"
107,"1-Dodecanol, 2-methyl-","InChI=1S/C13H28O/c1-3-4-5-6-7-8-9-10-11-13(2)12-14/h13-14H,3-12H2,1-2H3"
108,1-Dodecene,"InChI=1S/C12H24/c1-3-5-7-9-11-12-10-8-6-4-2/h3H,1,4-12H2,2H3"
109,1-Eicosanol,"InChI=1S/C20H42O/c1-2-3-4-5-6-7-8-9-10-11-12-13-14-15-16-17-18-19-20-21/h21H,2-20H2,1H3"
110,1-Eicosene,"InChI=1S/C20H40/c1-3-5-7-9-11-13-15-17-19-20-18-16-14-12-10-8-6-4-2/h3H,1,4-20H2,2H3"
111,"1-Ethyl-3,5-dimethylbenzene","InChI=1S/C10H14/c1-4-10-6-8(2)5-9(3)7-10/h5-7H,4H2,1-3H3"
112,"1H-Azepine, hexahydro-","InChI=1S/C6H13N/c1-2-4-6-7-5-3-1/h7H,1-6H2"
113,1-heptadecanol,"InChI=1S/C17H36O/c1-2-3-4-5-6-7-8-9-10-11-12-13-14-15-16-17-18/h18H,2-17H2,1H3"
114,1-Heptadecene,"InChI=1S/C17H34/c1-3-5-7-9-11-13-15-17-16-14-12-10-8-6-4-2/h3H,1,4-17H2,2H3"
115,1-Heptanamine,"InChI=1S/C7H17N/c1-2-3-4-5-6-7-8/h2-8H2,1H3"
116,1-Heptanethiol,"InChI=1S/C7H16S/c1-2-3-4-5-6-7-8/h8H,2-7H2,1H3"
117,1-Heptanol,"InChI=1S/C7H16O/c1-2-3-4-5-6-7-8/h8H,2-7H2,1H3"
118,"1-Heptanol, 3-ethyl-","InChI=1S/C9H20O/c1-3-5-6-9(4-2)7-8-10/h9-10H,3-8H2,1-2H3"
119,1-Heptene,"InChI=1S/C7H14/c1-3-5-7-6-4-2/h3H,1,4-7H2,2H3"
120,"1-Heptene, 4-methyl-","InChI=1S/C8H16/c1-4-6-8(3)7-5-2/h4,8H,1,5-7H2,2-3H3"
121,1-Heptyne,"InChI=1S/C7H12/c1-3-5-7-6-4-2/h1H,4-7H2,2H3"
122,1-Hexadecanol,"InChI=1S/C16H34O/c1-2-3-4-5-6-7-8-9-10-11-12-13-14-15-16-17/h17H,2-16H2,1H3"
123,1-Hexadecene,"InChI=1S/C16H32/c1-3-5-7-9-11-13-15-16-14-12-10-8-6-4-2/h3H,1,4-16H2,2H3"
124,"1-Hexamine, 2-ethyl-N-(2-ethyl-hexyl)-","InChI=1S/C16H35N/c1-5-9-11-15(7-3)13-17-14-16(8-4)12-10-6-2/h15-17H,5-14H2,1-4H3"
125,1-Hexanamine,"InChI=1S/C6H15N/c1-2-3-4-5-6-7/h2-7H2,1H3"
126,1-Hexanethiol,"InChI=1S/C6H14S/c1-2-3-4-5-6-7/h7H,2-6H2,1H3"
127,1-Hexanol,"InChI=1S/C6H14O/c1-2-3-4-5-6-7/h7H,2-6H2,1H3"
128,"1-Hexanol, 2-ethyl-","InChI=1S/C8H18O/c1-3-5-6-8(4-2)7-9/h8-9H,3-7H2,1-2H3"
129,"1-Hexanol, 2-methyl-","InChI=1S/C7H16O/c1-3-4-5-7(2)6-8/h7-8H,3-6H2,1-2H3"
130,"1-Hexanol, 5-methyl-","InChI=1S/C7H16O/c1-7(2)5-3-4-6-8/h7-8H,3-6H2,1-2H3"
131,"1-Hexanol, 6-amino-","InChI=1S/C6H15NO/c7-5-3-1-2-4-6-8/h8H,1-7H2"
132,1-Hexene,"InChI=1S/C6H12/c1-3-5-6-4-2/h3H,1,4-6H2,2H3"
133,"1-Hexene, 2-methyl-","InChI=1S/C7H14/c1-4-5-6-7(2)3/h2,4-6H2,1,3H3"
134,"1-Hexene, 3-ethyl-","InChI=1S/C8H16/c1-4-7-8(5-2)6-3/h5,8H,2,4,6-7H2,1,3H3"
135,"1-Hexene, 3-methyl-","InChI=1S/C7H14/c1-4-6-7(3)5-2/h5,7H,2,4,6H2,1,3H3"
136,"1-Hexene, 4-methyl-","InChI=1S/C7H14/c1-4-6-7(3)5-2/h4,7H,1,5-6H2,2-3H3"
137,1-Hexyne,"InChI=1S/C6H10/c1-3-5-6-4-2/h1H,4-6H2,2H3"
138,1H-Indene,"InChI=1S/C9H8/c1-2-5-9-7-3-6-8(9)4-1/h1-6H,7H2"
139,"1H-Indene, 1,2,3-trimethyl-","InChI=1S/C12H14/c1-8-9(2)11-6-4-5-7-12(11)10(8)3/h4-7,9H,1-3H3"
140,"1H-Indene, 1-methyl-","InChI=1S/C10H10/c1-8-6-7-9-4-2-3-5-10(8)9/h2-8H,1H3"
141,"1H-Indene, 2,3-dihydro-","InChI=1S/C9H10/c1-2-5-9-7-3-6-8(9)4-1/h1-2,4-5H,3,6-7H2"
142,"1H-Indene, 2-methyl-","InChI=1S/C10H10/c1-8-6-9-4-2-3-5-10(9)7-8/h2-6H,7H2,1H3"
143,"1H-Pyrrole, 1-methyl-","InChI=1S/C5H7N/c1-6-4-2-3-5-6/h2-5H,1H3"
144,1-Methoxy-2-propanone,"InChI=1S/C4H8O2/c1-4(5)3-6-2/h3H2,1-2H3"
145,1-Nonadecanol,"InChI=1S/C19H40O/c1-2-3-4-5-6-7-8-9-10-11-12-13-14-15-16-17-18-19-20/h20H,2-19H2,1H3"
146,1-Nonadecene,"InChI=1S/C19H38/c1-3-5-7-9-11-13-15-17-19-18-16-14-12-10-8-6-4-2/h3H,1,4-19H2,2H3"
147,1-Nonanamine,"InChI=1S/C9H21N/c1-2-3-4-5-6-7-8-9-10/h2-10H2,1H3"
148,1-Nonanethiol,"InChI=1S/C9H20S/c1-2-3-4-5-6-7-8-9-10/h10H,2-9H2,1H3"
149,1-Nonanol,"InChI=1S/C9H20O/c1-2-3-4-5-6-7-8-9-10/h10H,2-9H2,1H3"
150,"1-Nonanol, 2-butyl-","InChI=1S/C13H28O/c1-3-5-7-8-9-11-13(12-14)10-6-4-2/h13-14H,3-12H2,1-2H3"
151,"1-Nonanol, 8-methyl-","InChI=1S/C10H22O/c1-10(2)8-6-4-3-5-7-9-11/h10-11H,3-9H2,1-2H3"
152,"1-Nonene, 8-methyl-","InChI=1S/C10H20/c1-4-5-6-7-8-9-10(2)3/h4,10H,1,5-9H2,2-3H3"
153,1-Nonyne,"InChI=1S/C9H16/c1-3-5-7-9-8-6-4-2/h1H,4-9H2,2H3"
154,1-Octadecanol,"InChI=1S/C18H38O/c1-2-3-4-5-6-7-8-9-10-11-12-13-14-15-16-17-18-19/h19H,2-18H2,1H3"
155,1-Octadecene,"InChI=1S/C18H36/c1-3-5-7-9-11-13-15-17-18-16-14-12-10-8-6-4-2/h3H,1,4-18H2,2H3"
156,1-Octanamine,"InChI=1S/C8H19N/c1-2-3-4-5-6-7-8-9/h2-9H2,1H3"
157,"1-Octanamine, N,N-dioctyl-","InChI=1S/C24H51N/c1-4-7-10-13-16-19-22-25(23-20-17-14-11-8-5-2)24-21-18-15-12-9-6-3/h4-24H2,1-3H3"
158,"1-Octanamine, N-octyl-","InChI=1S/C16H35N/c1-3-5-7-9-11-13-15-17-16-14-12-10-8-6-4-2/h17H,3-16H2,1-2H3"
159,1-Octanethiol,"InChI=1S/C8H18S/c1-2-3-4-5-6-7-8-9/h9H,2-8H2,1H3"
160,1-Octanol,"InChI=1S/C8H18O/c1-2-3-4-5-6-7-8-9/h9H,2-8H2,1H3"
161,"1-Octanol, 2-butyl","InChI=1S/C12H26O/c1-3-5-7-8-10-12(11-13)9-6-4-2/h12-13H,3-11H2,1-2H3"
162,"1-Octanol, 4-methyl-","InChI=1S/C9H20O/c1-3-4-6-9(2)7-5-8-10/h9-10H,3-8H2,1-2H3"
163,"1-Octanol, 6-methyl-","InChI=1S/C9H20O/c1-3-9(2)7-5-4-6-8-10/h9-10H,3-8H2,1-2H3"
164,1-Octene,"InChI=1S/C8H16/c1-3-5-7-8-6-4-2/h3H,1,4-8H2,2H3"
165,"1-Octene, 7-methyl-","InChI=1S/C9H18/c1-4-5-6-7-8-9(2)3/h4,9H,1,5-8H2,2-3H3"
166,1-Octyne,"InChI=1S/C8H14/c1-3-5-7-8-6-4-2/h1H,4-8H2,2H3"
167,1-Pentadecanol,"InChI=1S/C15H32O/c1-2-3-4-5-6-7-8-9-10-11-12-13-14-15-16/h16H,2-15H2,1H3"
168,1-Pentadecene,"InChI=1S/C15H30/c1-3-5-7-9-11-13-15-14-12-10-8-6-4-2/h3H,1,4-15H2,2H3"
169,1-Pentanamine,"InChI=1S/C5H13N/c1-2-3-4-5-6/h2-6H2,1H3"
170,"1-Pentanamine, N,N-dipentyl-","InChI=1S/C15H33N/c1-4-7-10-13-16(14-11-8-5-2)15-12-9-6-3/h4-15H2,1-3H3"
171,"1-Pentanamine, N-pentyl-","InChI=1S/C10H23N/c1-3-5-7-9-11-10-8-6-4-2/h11H,3-10H2,1-2H3"
172,1-Pentanethiol,"InChI=1S/C5H12S/c1-2-3-4-5-6/h6H,2-5H2,1H3"
173,1-Pentanol,"InChI=1S/C5H12O/c1-2-3-4-5-6/h6H,2-5H2,1H3"
174,"1-Pentanol, 2-methyl-","InChI=1S/C6H14O/c1-3-4-6(2)5-7/h6-7H,3-5H2,1-2H3"
175,"1-Pentanol, 3-methyl-","InChI=1S/C6H14O/c1-3-6(2)4-5-7/h6-7H,3-5H2,1-2H3"
176,1-Pentene,"InChI=1S/C5H10/c1-3-5-4-2/h3H,1,4-5H2,2H3"
177,"1-Pentene, 2,4,4-trimethyl-","InChI=1S/C8H16/c1-7(2)6-8(3,4)5/h1,6H2,2-5H3"
178,"1-Pentene, 2-ethyl-","InChI=1S/C7H14/c1-4-6-7(3)5-2/h3-6H2,1-2H3"
179,"1-Pentene, 2-methyl-","InChI=1S/C6H12/c1-4-5-6(2)3/h2,4-5H2,1,3H3"
180,"1-Pentene, 3-ethyl-","InChI=1S/C7H14/c1-4-7(5-2)6-3/h4,7H,1,5-6H2,2-3H3"
181,"1-Pentene, 3-methyl","InChI=1S/C6H12/c1-4-6(3)5-2/h4,6H,1,5H2,2-3H3"
182,"1-Pentene, 4-methyl-","InChI=1S/C6H12/c1-4-5-6(2)3/h4,6H,1,5H2,2-3H3"
183,1-Pentyne,"InChI=1S/C5H8/c1-3-5-4-2/h1H,4-5H2,2H3"
184,1-Piperazineethanamine,"InChI=1S/C6H15N3/c7-1-4-9-5-2-8-3-6-9/h8H,1-7H2"
185,1-Piperazineethanol,"InChI=1S/C6H14N2O/c9-6-5-8-3-1-7-2-4-8/h7,9H,1-6H2"
186,1-Propanamine,"InChI=1S/C3H9N/c1-2-3-4/h2-4H2,1H3"
187,"1-Propanamine, 2-methyl-","InChI=1S/C4H11N/c1-4(2)3-5/h4H,3,5H2,1-2H3"
188,"1-Propanamine, 2-methyl-N-(2-methylpropyl)-","InChI=1S/C8H19N/c1-7(2)5-9-6-8(3)4/h7-9H,5-6H2,1-4H3"
189,"1-Propanamine, 3-(triethoxysilyl)-","InChI=1S/C9H23NO3Si/c1-4-11-14(12-5-2,13-6-3)9-7-8-10/h4-10H2,1-3H3"
190,"1-Propanamine, N,N-dipropyl-","InChI=1S/C9H21N/c1-4-7-10(8-5-2)9-6-3/h4-9H2,1-3H3"
191,"1-Propanamine, N-propyl-","InChI=1S/C6H15N/c1-3-5-7-6-4-2/h7H,3-6H2,1-2H3"
192,1-Propanethiol,"InChI=1S/C3H8S/c1-2-3-4/h4H,2-3H2,1H3"
193,"1-Propanethiol, 2-methyl","InChI=1S/C4H10S/c1-4(2)3-5/h4-5H,3H2,1-2H3"
194,"1-Propanethiol, 3-(triethoxysilyl)-","InChI=1S/C9H22O3SSi/c1-4-10-14(11-5-2,12-6-3)9-7-8-13/h13H,4-9H2,1-3H3"
195,1-Propanol,"InChI=1S/C3H8O/c1-2-3-4/h4H,2-3H2,1H3"
196,"1-Propanol, 2-(1,1-dimethylethoxy)-","InChI=1S/C7H16O2/c1-6(5-8)9-7(2,3)4/h6,8H,5H2,1-4H3"
197,"1-Propanol, 2,2-dimethyl-","InChI=1S/C5H12O/c1-5(2,3)4-6/h6H,4H2,1-3H3"
198,"1-Propanol, 2,3-dichlor-","InChI=1S/C3H6Cl2O/c4-1-3(5)2-6/h3,6H,1-2H2"
199,"1-Propanol, 2-methoxy-","InChI=1S/C4H10O2/c1-4(3-5)6-2/h4-5H,3H2,1-2H3"
200,"1-Propanol, 2-methyl-","InChI=1S/C4H10O/c1-4(2)3-5/h4-5H,3H2,1-2H3"
201,"1-Propen-2-ol, acetate","InChI=1S/C5H8O2/c1-4(2)7-5(3)6/h1H2,2-3H3"
202,"1-Propene, 3,3,thiobis","InChI=1S/C6H10S/c1-3-5-7-6-4-2/h3-4H,1-2,5-6H2"
203,"1-Propene, 2-chloro-","InChI=1S/C3H5Cl/c1-3(2)4/h1H2,2H3"
204,"1-Propene, 2-methyl-","InChI=1S/C4H8/c1-4(2)3/h1H2,2-3H3"
205,"1-Propene, 3-chloro-","InChI=1S/C3H5Cl/c1-2-3-4/h2H,1,3H2"
206,1-Tetradecanamine,"InChI=1S/C14H31N/c1-2-3-4-5-6-7-8-9-10-11-12-13-14-15/h2-15H2,1H3"
207,1-Tetradecanol,"InChI=1S/C14H30O/c1-2-3-4-5-6-7-8-9-10-11-12-13-14-15/h15H,2-14H2,1H3"
208,1-Tetradecene,"InChI=1S/C14H28/c1-3-5-7-9-11-13-14-12-10-8-6-4-2/h3H,1,4-14H2,2H3"
209,1-Tridecanol,"InChI=1S/C13H28O/c1-2-3-4-5-6-7-8-9-10-11-12-13-14/h14H,2-13H2,1H3"
210,"1-Tridecanol, 2-methyl","InChI=1S/C14H30O/c1-3-4-5-6-7-8-9-10-11-12-14(2)13-15/h14-15H,3-13H2,1-2H3"
211,1-Tridecene,"InChI=1S/C13H26/c1-3-5-7-9-11-13-12-10-8-6-4-2/h3H,1,4-13H2,2H3"
212,1-Undecanethiol,"InChI=1S/C11H24S/c1-2-3-4-5-6-7-8-9-10-11-12/h12H,2-11H2,1H3"
213,1-Undecanol,"InChI=1S/C11H24O/c1-2-3-4-5-6-7-8-9-10-11-12/h12H,2-11H2,1H3"
214,"1-Undecanol, 2-methyl-","InChI=1S/C12H26O/c1-3-4-5-6-7-8-9-10-12(2)11-13/h12-13H,3-11H2,1-2H3"
215,1-Undecene,"InChI=1S/C11H22/c1-3-5-7-9-11-10-8-6-4-2/h3H,1,4-11H2,2H3"
216,"2,2'-Oxybisbutane","InChI=1S/C8H18O/c1-5-7(3)9-8(4)6-2/h7-8H,5-6H2,1-4H3"
217,"2,3-Butanediol","InChI=1S/C4H10O2/c1-3(5)4(2)6/h3-6H,1-2H3"
218,"2,3-Dihydro-2-methylbenzo[b]thiophene","InChI=1S/C9H10S/c1-7-6-8-4-2-3-5-9(8)10-7/h2-5,7H,6H2,1H3"
219,"2,3-Dihydro-benzo[b]thiophene","InChI=1S/C8H8S/c1-2-4-8-7(3-1)5-6-9-8/h1-4H,5-6H2"
220,"2,4-Hexadiene, (E,E)-","InChI=1S/C6H10/c1-3-5-6-4-2/h3-6H,1-2H3/b5-3+,6-4+"
221,"2,4-Hexadiene, (E,Z)-","InChI=1S/C6H10/c1-3-5-6-4-2/h3-6H,1-2H3/b5-3-,6-4+"
222,"2,4-Hexadiene, 2,5-dimethyl-","InChI=1S/C8H14/c1-7(2)5-6-8(3)4/h5-6H,1-4H3"
223,"2,4-Pentanediol","InChI=1S/C5H12O2/c1-4(6)3-5(2)7/h4-7H,3H2,1-2H3"
224,"2,4-Pentanediol, 2-methyl-","InChI=1S/C6H14O2/c1-5(7)4-6(2,3)8/h5,7-8H,4H2,1-3H3"
225,"2,4-Pentanedione","InChI=1S/C5H8O2/c1-4(6)3-5(2)7/h3H2,1-2H3"
226,"2,5,8,11,14-Pentaoxapentadecane","InChI=1S/C10H22O5/c1-11-3-5-13-7-9-15-10-8-14-6-4-12-2/h3-10H2,1-2H3"
227,"2,5,8,11-Tetraoxadodecane","InChI=1S/C8H18O4/c1-9-3-5-11-7-8-12-6-4-10-2/h3-8H2,1-2H3"
228,"2,5-Dihydrofuran","InChI=1S/C4H6O/c1-2-4-5-3-1/h1-2H,3-4H2"
229,"2,5-Furandione",InChI=1S/C4H2O3/c5-3-1-2-4(6)7-3/h1-2H
230,"2,5-Furandione, 3-methyl-","InChI=1S/C5H4O3/c1-3-2-4(6)8-5(3)7/h2H,1H3"
231,2-Butanamine,"InChI=1S/C4H11N/c1-3-4(2)5/h4H,3,5H2,1-2H3"
232,"2-Butanamine, 2-methyl-","InChI=1S/C5H13N/c1-4-5(2,3)6/h4,6H2,1-3H3"
233,"2-Butenedioic acid (Z)-, diethyl ester","InChI=1S/C8H12O4/c1-3-11-7(9)5-6-8(10)12-4-2/h5-6H,3-4H2,1-2H3/b6-5-"
234,2-Butanethiol,"InChI=1S/C4H10S/c1-3-4(2)5/h4-5H,3H2,1-2H3"
235,2-Butanol,"InChI=1S/C4H10O/c1-3-4(2)5/h4-5H,3H2,1-2H3"
236,"2-Butanol, 2-methyl-","InChI=1S/C5H12O/c1-4-5(2,3)6/h6H,4H2,1-3H3"
237,"2-Butanol, 3-methyl-","InChI=1S/C5H12O/c1-4(2)5(3)6/h4-6H,1-3H3"
238,2-Butanone,"InChI=1S/C4H8O/c1-3-4(2)5/h3H2,1-2H3"
239,"2-Butanone, 3,3-dimethyl-","InChI=1S/C6H12O/c1-5(7)6(2,3)4/h1-4H3"
240,"2-Butanone, 3-methyl-","InChI=1S/C5H10O/c1-4(2)5(3)6/h4H,1-3H3"
241,"2-Buten-1-ol, acetate","InChI=1S/C6H10O2/c1-3-4-5-8-6(2)7/h3-4H,5H2,1-2H3"
242,"2-Butenal, (Z)-","InChI=1S/C4H6O/c1-2-3-4-5/h2-4H,1H3/b3-2-"
243,"2-Butene, 1,3-Dichloro-, (Z)-","InChI=1S/C4H6Cl2/c1-4(6)2-3-5/h2H,3H2,1H3/b4-2-"
244,"2-Butene, 1,4-Dichloro-, (E)-","InChI=1S/C4H6Cl2/c5-3-1-2-4-6/h1-2H,3-4H2/b2-1+"
245,"2-Butene, 1,4-Dichloro-, (Z)-","InChI=1S/C4H6Cl2/c5-3-1-2-4-6/h1-2H,3-4H2/b2-1-"
246,"2-Butene, 2,3-dimethyl-",InChI=1S/C6H12/c1-5(2)6(3)4/h1-4H3
247,"2-Butene, 2-methyl-","InChI=1S/C5H10/c1-4-5(2)3/h4H,1-3H3"
248,"2-Butene-1,4-Diol, (E)-","InChI=1S/C4H8O2/c5-3-1-2-4-6/h1-2,5-6H,3-4H2/b2-1+"
249,"2-Butene-1,4-Diol, (Z)-","InChI=1S/C4H8O2/c5-3-1-2-4-6/h1-2,5-6H,3-4H2/b2-1-"
250,"2-Butenedinitrile, (Z)-",InChI=1S/C4H2N2/c5-3-1-2-4-6/h1-2H/b2-1-
251,"2-Butenedioic acid (2Z)-, di-2-propenyl ester","InChI=1S/C10H12O4/c1-3-7-13-9(11)5-6-10(12)14-8-4-2/h3-6H,1-2,7-8H2/b6-5-"
252,"2-Butenedioic acid, dibutyl ester, (2Z)-","InChI=1S/C12H20O4/c1-3-5-9-15-11(13)7-8-12(14)16-10-6-4-2/h7-8H,3-6,9-10H2,1-2H3/b8-7-"
253,"2-Butenedioic acid (Z)-, dimethyl ester","InChI=1S/C6H8O4/c1-9-5(7)3-4-6(8)10-2/h3-4H,1-2H3/b4-3-"
254,"2-Butenedioic acid (Z)-, dipropyl ester","InChI=1S/C10H16O4/c1-3-7-13-9(11)5-6-10(12)14-8-4-2/h5-6H,3-4,7-8H2,1-2H3/b6-5-"
255,"2-Butenenitrile, (E)-","InChI=1S/C4H5N/c1-2-3-4-5/h2-3H,1H3/b3-2+"
256,"2-Butenenitrile, (Z)-","InChI=1S/C4H5N/c1-2-3-4-5/h2-3H,1H3/b3-2-"
257,"2-Butenoic acid, (E)-","InChI=1S/C4H6O2/c1-2-3-4(5)6/h2-3H,1H3,(H,5,6)/b3-2+"
258,"2-Butenoic acid, (Z)-","InChI=1S/C4H6O2/c1-2-3-4(5)6/h2-3H,1H3,(H,5,6)/b3-2-"
259,"2-Butyne-1,4-diol","InChI=1S/C4H6O2/c5-3-1-2-4-6/h5-6H,3-4H2"
260,2-Cyclohexen-1-one,"InChI=1S/C6H8O/c7-6-4-2-1-3-5-6/h2,4H,1,3,5H2"
261,"2-Cyclohexen-1-one, 3,5,5-trimethyl-","InChI=1S/C9H14O/c1-7-4-8(10)6-9(2,3)5-7/h4H,5-6H2,1-3H3"
262,"2-Decene, (Z)-","InChI=1S/C10H20/c1-3-5-7-9-10-8-6-4-2/h3,5H,4,6-10H2,1-2H3/b5-3-"
263,"2-Decene, (E)-","InChI=1S/C10H20/c1-3-5-7-9-10-8-6-4-2/h3,5H,4,6-10H2,1-2H3/b5-3+"
264,"2-Dodecene, (E)-","InChI=1S/C12H24/c1-3-5-7-9-11-12-10-8-6-4-2/h3,5H,4,6-12H2,1-2H3/b5-3+"
265,"2-Dodecene, (Z)-","InChI=1S/C12H24/c1-3-5-7-9-11-12-10-8-6-4-2/h3,5H,4,6-12H2,1-2H3/b5-3-"
266,"2-Ethyl-1,3-dimethyl benzene","InChI=1S/C10H14/c1-4-10-8(2)6-5-7-9(10)3/h5-7H,4H2,1-3H3"
267,2-Furancarboxaldehyde,InChI=1S/C5H4O2/c6-4-5-2-1-3-7-5/h1-4H
268,2-Furanmethanol,"InChI=1S/C5H6O2/c6-4-5-2-1-3-7-5/h1-3,6H,4H2"
269,2-Heptanol,"InChI=1S/C7H16O/c1-3-4-5-6-7(2)8/h7-8H,3-6H2,1-2H3"
270,2-Heptanone,"InChI=1S/C7H14O/c1-3-4-5-6-7(2)8/h3-6H2,1-2H3"
271,"2-Heptene, (E)-","InChI=1S/C7H14/c1-3-5-7-6-4-2/h3,5H,4,6-7H2,1-2H3/b5-3+"
272,"2-Heptene, (Z)-","InChI=1S/C7H14/c1-3-5-7-6-4-2/h3,5H,4,6-7H2,1-2H3/b5-3-"
273,2-Hexanol,"InChI=1S/C6H14O/c1-3-4-5-6(2)7/h6-7H,3-5H2,1-2H3"
274,2-Hexanone,"InChI=1S/C6H12O/c1-3-4-5-6(2)7/h3-5H2,1-2H3"
275,"2-Hexanone, 5-methyl-","InChI=1S/C7H14O/c1-6(2)4-5-7(3)8/h6H,4-5H2,1-3H3"
276,"2-Hexenal, 2-ethyl-","InChI=1S/C8H14O/c1-3-5-6-8(4-2)7-9/h6-7H,3-5H2,1-2H3"
277,"2-Hexene, (E)-","InChI=1S/C6H12/c1-3-5-6-4-2/h3,5H,4,6H2,1-2H3/b5-3+"
278,"2-Hexene, (Z)-","InChI=1S/C6H12/c1-3-5-6-4-2/h3,5H,4,6H2,1-2H3/b5-3-"
279,2-Hexyne,"InChI=1S/C6H10/c1-3-5-6-4-2/h3,5H2,1-2H3"
280,2-Methyl 3-pentanone,"InChI=1S/C6H12O/c1-4-6(7)5(2)3/h5H,4H2,1-3H3"
281,2-Nonanol,"InChI=1S/C9H20O/c1-3-4-5-6-7-8-9(2)10/h9-10H,3-8H2,1-2H3"
282,2-Nonanone,"InChI=1S/C9H18O/c1-3-4-5-6-7-8-9(2)10/h3-8H2,1-2H3"
283,2-Octanol,"InChI=1S/C8H18O/c1-3-4-5-6-7-8(2)9/h8-9H,3-7H2,1-2H3"
284,2-Octanone,"InChI=1S/C8H16O/c1-3-4-5-6-7-8(2)9/h3-7H2,1-2H3"
285,"2-Octene, (E)-","InChI=1S/C8H16/c1-3-5-7-8-6-4-2/h3,5H,4,6-8H2,1-2H3/b5-3+"
286,"2-Octene, (Z)","InChI=1S/C8H16/c1-3-5-7-8-6-4-2/h3,5H,4,6-8H2,1-2H3/b5-3-"
287,"2-Oxetanone, 4-methylene-",InChI=1S/C4H4O2/c1-3-2-4(5)6-3/h1-2H2
288,2-Oxolan-2-yloxolane,"InChI=1S/C8H14O2/c1-3-7(9-5-1)8-4-2-6-10-8/h7-8H,1-6H2"
289,2-Pentanethiol,"InChI=1S/C5H12S/c1-3-4-5(2)6/h5-6H,3-4H2,1-2H3"
290,"2-Pentanethiol, 2,4,4-trimethyl-","InChI=1S/C8H18S/c1-7(2,3)6-8(4,5)9/h9H,6H2,1-5H3"
291,2-pentanol,"InChI=1S/C5H12O/c1-3-4-5(2)6/h5-6H,3-4H2,1-2H3"
292,"2-Pentanol, 4-methyl-","InChI=1S/C6H14O/c1-5(2)4-6(3)7/h5-7H,4H2,1-3H3"
293,2-Pentanone,"InChI=1S/C5H10O/c1-3-4-5(2)6/h3-4H2,1-2H3"
294,"2-Pentanone, 3-methyl-","InChI=1S/C6H12O/c1-4-5(2)6(3)7/h5H,4H2,1-3H3"
295,"2-Pentanone, 4-hydroxy-4-methyl-","InChI=1S/C6H12O2/c1-5(7)4-6(2,3)8/h8H,4H2,1-3H3"
296,"2-Pentanone, 4-methyl-","InChI=1S/C6H12O/c1-5(2)4-6(3)7/h5H,4H2,1-3H3"
297,"2-Pentenal, 2-methyl-","InChI=1S/C6H10O/c1-3-4-6(2)5-7/h4-5H,3H2,1-2H3"
298,"2-Pentene, (E)-","InChI=1S/C5H10/c1-3-5-4-2/h3,5H,4H2,1-2H3/b5-3+"
299,"2-Pentene, (Z)-","InChI=1S/C5H10/c1-3-5-4-2/h3,5H,4H2,1-2H3/b5-3-"
300,"2-Pentene, 2,4,4-trimethyl-","InChI=1S/C8H16/c1-7(2)6-8(3,4)5/h6H,1-5H3"
301,"2-Pentene, 2-methyl-","InChI=1S/C6H12/c1-4-5-6(2)3/h5H,4H2,1-3H3"
302,"2-Pentene, 3-methyl-,(E)-","InChI=1S/C6H12/c1-4-6(3)5-2/h4H,5H2,1-3H3/b6-4+"
303,"2-Pentene, 3-methyl-,(Z)-","InChI=1S/C6H12/c1-4-6(3)5-2/h4H,5H2,1-3H3/b6-4-"
304,"2-Pentene, 4-methyl-, (E)-","InChI=1S/C6H12/c1-4-5-6(2)3/h4-6H,1-3H3/b5-4+"
305,"2-Pentene, 4-methyl-, (Z)-","InChI=1S/C6H12/c1-4-5-6(2)3/h4-6H,1-3H3/b5-4-"
306,2-Pentyne,"InChI=1S/C5H8/c1-3-5-4-2/h3H2,1-2H3"
307,2-Propanamine,"InChI=1S/C3H9N/c1-3(2)4/h3H,4H2,1-2H3"
308,"2-Propanamine, 1-methoxy-","InChI=1S/C4H11NO/c1-4(5)3-6-2/h4H,3,5H2,1-2H3"
309,"2-Propanamine, 2-methyl-","InChI=1S/C4H11N/c1-4(2,3)5/h5H2,1-3H3"
310,"2-Propanamine, N-(1-methylethyl)-","InChI=1S/C6H15N/c1-5(2)7-6(3)4/h5-7H,1-4H3"
311,1-Hydroxy-2-propene,"InChI=1S/C3H6O/c1-2-3-4/h2,4H,1,3H2"
312,2-Propanol,"InChI=1S/C3H8O/c1-3(2)4/h3-4H,1-2H3"
313,"2-Propanol, 1,1'-iminobis-","InChI=1S/C6H15NO2/c1-5(8)3-7-4-6(2)9/h5-9H,3-4H2,1-2H3"
314,"2-Propanol, 1,3-dichloro-","InChI=1S/C3H6Cl2O/c4-1-3(6)2-5/h3,6H,1-2H2"
315,"2-Propanol, 1-ethoxy","InChI=1S/C5H12O2/c1-3-7-4-5(2)6/h5-6H,3-4H2,1-2H3"
316,"2-Propanol, 1-ethoxy, -acetate","InChI=1S/C7H14O3/c1-4-9-5-6(2)10-7(3)8/h6H,4-5H2,1-3H3"
317,"2-Propanol, 1-methoxy","InChI=1S/C4H10O2/c1-4(5)3-6-2/h4-5H,3H2,1-2H3"
318,"2-Propanol, 1-methoxy, -acetate","InChI=1S/C6H12O3/c1-5(4-8-3)9-6(2)7/h5H,4H2,1-3H3"
319,"2-Propanol, 1-(1,1-dimethylethoxy)-","InChI=1S/C7H16O2/c1-6(8)5-9-7(2,3)4/h6,8H,5H2,1-4H3"
320,"2-Propanol, 1-(2-(methoxy-1-methylethoxy)-1-methylethoxy)-","InChI=1S/C10H22O4/c1-8(11)5-13-10(3)7-14-9(2)6-12-4/h8-11H,5-7H2,1-4H3"
321,2-Propanone,InChI=1S/C3H6O/c1-3(2)4/h1-2H3
322,2-Propen-1-amine,"InChI=1S/C3H7N/c1-2-3-4/h2H,1,3-4H2"
323,"2-Propen-1-amine, N,N-di-2-propen-1-yl-","InChI=1S/C9H15N/c1-4-7-10(8-5-2)9-6-3/h4-6H,1-3,7-9H2"
324,"2-Propen-1-amine, N-ethyl-2-methyl-","InChI=1S/C6H13N/c1-4-7-5-6(2)3/h7H,2,4-5H2,1,3H3"
325,"2-Propen-1-amine, N-2-propenyl-","InChI=1S/C6H11N/c1-3-5-7-6-4-2/h3-4,7H,1-2,5-6H2"
326,2-Propen-1-ol,"InChI=1S/C3H6O/c1-2-3-4/h2,4H,1,3H2"
327,2-Propenal,"InChI=1S/C3H4O/c1-2-3-4/h2-3H,1H2"
328,"2-Propenal, 2-methyl-","InChI=1S/C4H6O/c1-4(2)3-5/h3H,1H2,2H3"
329,2-Propenenitrile,"InChI=1S/C3H3N/c1-2-3-4/h2H,1H2"
330,"2-Propenenitrile, 2-methyl-","InChI=1S/C4H5N/c1-4(2)3-5/h1H2,2H3"
331,2-Propenoic acid,"InChI=1S/C3H4O2/c1-2-3(4)5/h2H,1H2,(H,4,5)"
332,"2-Propenoic acid, 1,2-ethanediyl ester","InChI=1S/C8H10O4/c1-3-7(9)11-5-6-12-8(10)4-2/h3-4H,1-2,5-6H2"
333,"2-Propenoic acid, 1-methyl propyl ester","InChI=1S/C7H12O2/c1-4-6(3)9-7(8)5-2/h5-6H,2,4H2,1,3H3"
334,"2-Propenoic acid, 1-methylethyl ester","InChI=1S/C6H10O2/c1-4-6(7)8-5(2)3/h4-5H,1H2,2-3H3"
335,"2-Propenoic acid, 2-methyl-, 2-hydroxypropyl ester","InChI=1S/C7H12O3/c1-5(2)7(9)10-4-6(3)8/h6,8H,1,4H2,2-3H3"
336,"2-Propenoic acid, 2 methyl-2-hydroxyethyl ester","InChI=1S/C6H10O3/c1-3-6(8)9-4-5(2)7/h3,5,7H,1,4H2,2H3"
337,"2-Propenoic acid, 2-carboxyethyl ester","InChI=1S/C6H8O4/c1-2-6(9)10-4-3-5(7)8/h2H,1,3-4H2,(H,7,8)"
338,"2-Propenoic acid, 2-ethylhexyl ester","InChI=1S/C11H20O2/c1-4-7-8-10(5-2)9-13-11(12)6-3/h6,10H,3-5,7-9H2,1-2H3"
339,"2-Propenoic acid, 2-hydroxylethyl ester","InChI=1S/C5H8O3/c1-2-5(7)8-4-3-6/h2,6H,1,3-4H2"
340,"2-Propenoic acid, 2-hydroxypropyl ester","InChI=1S/C6H10O3/c1-3-6(8)9-4-5(2)7/h3,5,7H,1,4H2,2H3"
341,"2-Propenoic acid, 2-methyl-","InChI=1S/C4H6O2/c1-3(2)4(5)6/h1H2,2H3,(H,5,6)"
342,"2-Propenoic acid, 2-methyl-, 2-methylpropyl ester","InChI=1S/C8H14O2/c1-6(2)5-10-8(9)7(3)4/h6H,3,5H2,1-2,4H3"
343,"2-Propenoic acid, 2-methyl-, 2-propenyl ester","InChI=1S/C7H10O2/c1-4-5-9-7(8)6(2)3/h4H,1-2,5H2,3H3"
344,"2-Propenoic acid, 2-methyl-, butyl ester","InChI=1S/C8H14O2/c1-4-5-6-10-8(9)7(2)3/h2,4-6H2,1,3H3"
345,"2-Propenoic acid, 2-methyl-, methyl ester","InChI=1S/C5H8O2/c1-4(2)5(6)7-3/h1H2,2-3H3"
346,"2-Propenoic acid, 2-methyl-, propyl ester","InChI=1S/C7H12O2/c1-4-5-9-7(8)6(2)3/h2,4-5H2,1,3H3"
347,"2-Propenoic acid, 2-methyl-, 1,1-dimethylethyl ester","InChI=1S/C8H14O2/c1-6(2)7(9)10-8(3,4)5/h1H2,2-5H3"
348,"2-Propenoic acid, 2-methyl-, hexadecyl ester","InChI=1S/C20H38O2/c1-4-5-6-7-8-9-10-11-12-13-14-15-16-17-18-22-20(21)19(2)3/h2,4-18H2,1,3H3"
349,"2-Propenoic acid, 2-methylpropyl ester","InChI=1S/C7H12O2/c1-4-7(8)9-5-6(2)3/h4,6H,1,5H2,2-3H3"
350,"2-Propenoic acid, 3-phenyl-, (E)-","InChI=1S/C9H8O2/c10-9(11)7-6-8-4-2-1-3-5-8/h1-7H,(H,10,11)/b7-6+"
351,"2-Propenoic acid, butyl ester","InChI=1S/C7H12O2/c1-3-5-6-9-7(8)4-2/h4H,2-3,5-6H2,1H3"
352,"2-Propenoic acid, methyl ester","InChI=1S/C4H6O2/c1-3-4(5)6-2/h3H,1H2,2H3"
353,"2-Propenoic acid, propyl ester","InChI=1S/C6H10O2/c1-3-5-8-6(7)4-2/h4H,2-3,5H2,1H3"
354,2-Propyn-1-ol,"InChI=1S/C3H4O/c1-2-3-4/h1,4H,3H2"
355,3-Buten-2-ol acetate,"InChI=1S/C6H10O2/c1-4-5(2)8-6(3)7/h4-5H,1H2,2-3H3"
356,"3-Buten-2-one, 3-methyl","InChI=1S/C5H8O/c1-4(2)5(3)6/h1H2,2-3H3"
357,3-Butenenitrile,"InChI=1S/C4H5N/c1-2-3-4-5/h2H,1,3H2"
358,"3-Butenenitrile, 2-hydroxy-","InChI=1S/C4H5NO/c1-2-4(6)3-5/h2,4,6H,1H2"
359,3-Cyclohexene-1-carboxaldehyde,"InChI=1S/C7H10O/c8-6-7-4-2-1-3-5-7/h1-2,6-7H,3-5H2"
360,3-Ethyl heptanal,"InChI=1S/C9H18O/c1-3-5-6-9(4-2)7-8-10/h8-9H,3-7H2,1-2H3"
361,3-Ethylheptane,"InChI=1S/C9H20/c1-4-7-8-9(5-2)6-3/h9H,4-8H2,1-3H3"
362,"3-Ethylpentane, 2,4-dimethyl-","InChI=1S/C9H20/c1-6-9(7(2)3)8(4)5/h7-9H,6H2,1-5H3"
363,"3-Ethylpentane, 2-2-dimethyl-","InChI=1S/C9H20/c1-6-8(7-2)9(3,4)5/h8H,6-7H2,1-5H3"
364,3-Heptanone,"InChI=1S/C7H14O/c1-3-5-6-7(8)4-2/h3-6H2,1-2H3"
365,"3-Heptanone, 6-methyl-","InChI=1S/C8H16O/c1-4-8(9)6-5-7(2)3/h7H,4-6H2,1-3H3"
366,"3-Heptene, (E)-","InChI=1S/C7H14/c1-3-5-7-6-4-2/h5,7H,3-4,6H2,1-2H3/b7-5+"
367,"3-Heptene, (Z)-","InChI=1S/C7H14/c1-3-5-7-6-4-2/h5,7H,3-4,6H2,1-2H3/b7-5-"
368,3-Hexanone,"InChI=1S/C6H12O/c1-3-5-6(7)4-2/h3-5H2,1-2H3"
369,"3-Hexene, (E)-","InChI=1S/C6H12/c1-3-5-6-4-2/h5-6H,3-4H2,1-2H3/b6-5+"
370,"3-Hexene, (Z)-","InChI=1S/C6H12/c1-3-5-6-4-2/h5-6H,3-4H2,1-2H3/b6-5-"
371,3-Hexenedinitrile,"InChI=1S/C6H6N2/c7-5-3-1-2-4-6-8/h1-2H,3-4H2"
372,"3-Methyl-1,4-pentadiene","InChI=1S/C6H10/c1-4-6(3)5-2/h4-6H,1-2H2,3H3"
373,3-Methyl-Butanal,"InChI=1S/C5H10O/c1-5(2)3-4-6/h4-5H,3H2,1-2H3"
374,3-Nonanone,"InChI=1S/C9H18O/c1-3-5-6-7-8-9(10)4-2/h3-8H2,1-2H3"
375,3-Octanone,"InChI=1S/C8H16O/c1-3-5-6-7-8(9)4-2/h3-7H2,1-2H3"
376,"3-Octene, (E)-","InChI=1S/C8H16/c1-3-5-7-8-6-4-2/h5,7H,3-4,6,8H2,1-2H3/b7-5+"
377,"3-Octene, (Z)-","InChI=1S/C8H16/c1-3-5-7-8-6-4-2/h5,7H,3-4,6,8H2,1-2H3/b7-5-"
378,3-Pentanol,"InChI=1S/C5H12O/c1-3-5(6)4-2/h5-6H,3-4H2,1-2H3"
379,"3-Pentanol, 3-methyl-","InChI=1S/C6H14O/c1-4-6(3,7)5-2/h7H,4-5H2,1-3H3"
380,3-Pentanone,"InChI=1S/C5H10O/c1-3-5(6)4-2/h3-4H2,1-2H3"
381,"3-Pentanone, 2,4-dimethyl-","InChI=1S/C7H14O/c1-5(2)7(8)6(3)4/h5-6H,1-4H3"
382,"3-Penten-2-one, 4-methyl-","InChI=1S/C6H10O/c1-5(2)4-6(3)7/h4H,1-3H3"
383,3-Pyridinecarbonitrile,"InChI=1S/C6H4N2/c7-4-6-2-1-3-8-5-6/h1-3,5H"
384,"4-Ethyl-1,2-dimethylbenzene","InChI=1S/C10H14/c1-4-10-6-5-8(2)9(3)7-10/h5-7H,4H2,1-3H3"
385,"4-Heptanol, 2,6-dimethyl-","InChI=1S/C9H20O/c1-7(2)5-9(10)6-8(3)4/h7-10H,5-6H2,1-4H3"
386,4-Heptanone,"InChI=1S/C7H14O/c1-3-5-7(8)6-4-2/h3-6H2,1-2H3"
387,"4-Heptanone, 2,6-dimethyl-","InChI=1S/C9H18O/c1-7(2)5-9(10)6-8(3)4/h7-8H,5-6H2,1-4H3"
388,4-Hydroxymethyl-benzoic acid,"InChI=1S/C8H8O3/c9-5-6-1-3-7(4-2-6)8(10)11/h1-4,9H,5H2,(H,10,11)"
389,4-Nonanone,"InChI=1S/C9H18O/c1-3-5-6-8-9(10)7-4-2/h3-8H2,1-2H3"
390,"4-Nonanone, 2,6,8-trimethyl-","InChI=1S/C12H24O/c1-9(2)6-11(5)8-12(13)7-10(3)4/h9-11H,6-8H2,1-5H3"
391,4-Octanone,"InChI=1S/C8H16O/c1-3-5-7-8(9)6-4-2/h3-7H2,1-2H3"
392,"4-Octene, (E)-","InChI=1S/C8H16/c1-3-5-7-8-6-4-2/h7-8H,3-6H2,1-2H3/b8-7+"
393,"4-Octene, (Z)-","InChI=1S/C8H16/c1-3-5-7-8-6-4-2/h7-8H,3-6H2,1-2H3/b8-7-"
394,5-Hexen-2-one,"InChI=1S/C6H10O/c1-3-4-5-6(2)7/h3H,1,4-5H2,2H3"
395,"5-Isobenzofurancarboxylic acid, 1,3-dihydro-1,3-dioxo-","InChI=1S/C9H4O5/c10-7(11)4-1-2-5-6(3-4)9(13)14-8(5)12/h1-3H,(H,10,11)"
396,5-Nonanone,"InChI=1S/C9H18O/c1-3-5-7-9(10)8-6-4-2/h3-8H2,1-2H3"
397,6-Undecanone,"InChI=1S/C11H22O/c1-3-5-7-9-11(12)10-8-6-4-2/h3-10H2,1-2H3"
398,8-Quinolinol,"InChI=1S/C9H7NO/c11-8-5-1-3-7-4-2-6-10-9(7)8/h1-6,11H"
399,"9,12,15-Octadecatrienoic acid, (Z,Z,Z)-","InChI=1S/C18H30O2/c1-2-3-4-5-6-7-8-9-10-11-12-13-14-15-16-17-18(19)20/h3-4,6-7,9-10H,2,5,8,11-17H2,1H3,(H,19,20)/b4-3-,7-6-,10-9-"
400,"9,12-Octadecadienoic acid (Z,Z)-","InChI=1S/C18H32O2/c1-2-3-4-5-6-7-8-9-10-11-12-13-14-15-16-17-18(19)20/h6-7,9-10H,2-5,8,11-17H2,1H3,(H,19,20)/b7-6-,10-9-"
401,9H-Fluorene,"InChI=1S/C13H10/c1-3-7-12-10(5-1)9-11-6-2-4-8-13(11)12/h1-8H,9H2"
402,9-Octadecenoic acid (Z)-,"InChI=1S/C18H34O2/c1-2-3-4-5-6-7-8-9-10-11-12-13-14-15-16-17-18(19)20/h9-10H,2-8,11-17H2,1H3,(H,19,20)/b10-9-"
403,"9-Octadecenoic acid (Z)-, methyl ester","InChI=1S/C19H36O2/c1-3-4-5-6-7-8-9-10-11-12-13-14-15-16-17-18-19(20)21-2/h10-11H,3-9,12-18H2,1-2H3/b11-10-"
404,Acenaphthylene,InChI=1S/C12H8/c1-3-9-4-2-6-11-8-7-10(5-1)12(9)11/h1-8H
405,"Acenaphthylene, 1,2-dihydro-","InChI=1S/C12H10/c1-3-9-4-2-6-11-8-7-10(5-1)12(9)11/h1-6H,7-8H2"
406,Acetaldehyde,"InChI=1S/C2H4O/c1-2-3/h2H,1H3"
407,"Acetaldehyde, dichloro-",InChI=1S/C2H2Cl2O/c3-2(4)1-5/h1-2H
408,"Acetaldehyde, trichloro-","InChI=1S/C2HCl3O/c3-2(4,5)1-6/h1H"
409,"Acetamide, 2,2,2-trifluoro","InChI=1S/C2H2F3NO/c3-2(4,5)1(6)7/h(H2,6,7)"
410,Acetic acid,"InChI=1S/C2H4O2/c1-2(3)4/h1H3,(H,3,4)"
411,"Acetic acid, 1,1-dimethylethyl ester","InChI=1S/C6H12O2/c1-5(7)8-6(2,3)4/h1-4H3"
412,"Acetic acid, 1-methylethyl ester","InChI=1S/C5H10O2/c1-4(2)7-5(3)6/h4H,1-3H3"
413,"Acetic acid, 1-methylpropyl ester","InChI=1S/C6H12O2/c1-4-5(2)8-6(3)7/h5H,4H2,1-3H3"
414,"Acetic acid, 2-ethylhexyl ester","InChI=1S/C10H20O2/c1-4-6-7-10(5-2)8-12-9(3)11/h10H,4-8H2,1-3H3"
415,"Acetic acid, 2-methylpropyl ester","InChI=1S/C6H12O2/c1-5(2)4-8-6(3)7/h5H,4H2,1-3H3"
416,"Acetic acid, 2-propenyl ester","InChI=1S/C5H8O2/c1-3-4-7-5(2)6/h3H,1,4H2,2H3"
417,"Acetic acid, anhydride",InChI=1S/C4H6O3/c1-3(5)7-4(2)6/h1-2H3
418,"Acetic acid, butyl ester","InChI=1S/C6H12O2/c1-3-4-5-8-6(2)7/h3-5H2,1-2H3"
419,"Acetic acid, chloro-, ethyl ester","InChI=1S/C4H7ClO2/c1-2-7-4(6)3-5/h2-3H2,1H3"
420,"Acetic acid, cyano-, ethyl ester","InChI=1S/C5H7NO2/c1-2-8-5(7)3-4-6/h2-3H2,1H3"
421,"Acetic acid, cyano-, methyl ester","InChI=1S/C4H5NO2/c1-7-4(6)2-3-5/h2H2,1H3"
422,"Acetic acid, cyclohexyl ester","InChI=1S/C8H14O2/c1-7(9)10-8-5-3-2-4-6-8/h8H,2-6H2,1H3"
423,"Acetic acid, decyl ester","InChI=1S/C12H24O2/c1-3-4-5-6-7-8-9-10-11-14-12(2)13/h3-11H2,1-2H3"
424,"Acetic acid, dichloro-","InChI=1S/C2H2Cl2O2/c3-1(4)2(5)6/h1H,(H,5,6)"
425,"Acetic acid, ethenyl ester","InChI=1S/C4H6O2/c1-3-6-4(2)5/h3H,1H2,2H3"
426,"Acetic acid, ethyl ester","InChI=1S/C4H8O2/c1-3-6-4(2)5/h3H2,1-2H3"
427,"Acetic acid, heptyl ester","InChI=1S/C9H18O2/c1-3-4-5-6-7-8-11-9(2)10/h3-8H2,1-2H3"
428,"Acetic acid, hexyl ester","InChI=1S/C8H16O2/c1-3-4-5-6-7-10-8(2)9/h3-7H2,1-2H3"
429,"Acetic acid, hydroxy-","InChI=1S/C2H4O3/c3-1-2(4)5/h3H,1H2,(H,4,5)"
430,"Acetic acid, hydroxy-, methyl ester","InChI=1S/C3H6O3/c1-6-3(5)2-4/h4H,2H2,1H3"
431,"Acetic acid, methyl ester",InChI=1S/C3H6O2/c1-3(4)5-2/h1-2H3
432,"Acetic acid, nonyl ester","InChI=1S/C11H22O2/c1-3-4-5-6-7-8-9-10-13-11(2)12/h3-10H2,1-2H3"
433,"Acetic acid, octyl ester","InChI=1S/C10H20O2/c1-3-4-5-6-7-8-9-12-10(2)11/h3-9H2,1-2H3"
434,"Acetic acid, pentyl ester","InChI=1S/C7H14O2/c1-3-4-5-6-9-7(2)8/h3-6H2,1-2H3"
435,"Acetic acid, phenylmethyl ester","InChI=1S/C9H10O2/c1-8(10)11-7-9-5-3-2-4-6-9/h2-6H,7H2,1H3"
436,"acetic acid, propyl ester","InChI=1S/C5H10O2/c1-3-4-7-5(2)6/h3-4H2,1-2H3"
437,Acetonitrile,InChI=1S/C2H3N/c1-2-3/h1H3
438,"Acetonitrile, 2,2'-iminobis-","InChI=1S/C4H5N3/c5-1-3-7-4-2-6/h7H,3-4H2"
439,Acetyl chloride,InChI=1S/C2H3ClO/c1-2(3)4/h1H3
440,"Acrylic acid, ethyl ester","InChI=1S/C5H8O2/c1-3-5(6)7-4-2/h3H,1,4H2,2H3"
441,alpha-Methylbenzofuran,"InChI=1S/C9H8O/c1-7-6-8-4-2-3-5-9(8)10-7/h2-6H,1H3"
442,Benzaldehyde,InChI=1S/C7H6O/c8-6-7-4-2-1-3-5-7/h1-6H
443,"Benzaldehyde, 2-hydroxy-","InChI=1S/C7H6O2/c8-5-6-3-1-2-4-7(6)9/h1-5,9H"
444,"Benzaldehyde, 2-methyl-","InChI=1S/C8H8O/c1-7-4-2-3-5-8(7)6-9/h2-6H,1H3"
445,"Benzaldehyde, 3-methyl-","InChI=1S/C8H8O/c1-7-3-2-4-8(5-7)6-9/h2-6H,1H3"
446,"Benzaldehyde, 4-methyl-","InChI=1S/C8H8O/c1-7-2-4-8(6-9)5-3-7/h2-6H,1H3"
447,Benzenamine,"InChI=1S/C6H7N/c7-6-4-2-1-3-5-6/h1-5H,7H2"
448,"Benzenamine, 2,6-diethyl-","InChI=1S/C10H15N/c1-3-8-6-5-7-9(4-2)10(8)11/h5-7H,3-4,11H2,1-2H3"
449,"Benzenamine, 2-chloro-","InChI=1S/C6H6ClN/c7-5-3-1-2-4-6(5)8/h1-4H,8H2"
450,"Benzenamine, 2-ethyl-","InChI=1S/C8H11N/c1-2-7-5-3-4-6-8(7)9/h3-6H,2,9H2,1H3"
451,"Benzenamine, 2-methyl-","InChI=1S/C7H9N/c1-6-4-2-3-5-7(6)8/h2-5H,8H2,1H3"
452,"Benzenamine, 2-nitro-","InChI=1S/C6H6N2O2/c7-5-3-1-2-4-6(5)8(9)10/h1-4H,7H2"
453,"Benzenamine, 3-chloro-","InChI=1S/C6H6ClN/c7-5-2-1-3-6(8)4-5/h1-4H,8H2"
454,"Benzenamine, 3-methyl-","InChI=1S/C7H9N/c1-6-3-2-4-7(8)5-6/h2-5H,8H2,1H3"
455,"Benzenamine, 4-(phenylazo)-","InChI=1S/C12H11N3/c13-10-6-8-12(9-7-10)15-14-11-4-2-1-3-5-11/h1-9H,13H2"
456,"Benzenamine, 4-chloro-","InChI=1S/C6H6ClN/c7-5-1-3-6(8)4-2-5/h1-4H,8H2"
457,"Benzenamine, 4-ethoxy-","InChI=1S/C8H11NO/c1-2-10-8-5-3-7(9)4-6-8/h3-6H,2,9H2,1H3"
458,"Benzenamine, 4-methyl-","InChI=1S/C7H9N/c1-6-2-4-7(8)5-3-6/h2-5H,8H2,1H3"
459,"Benzenamine, N,N-diethyl-","InChI=1S/C10H15N/c1-3-11(4-2)10-8-6-5-7-9-10/h5-9H,3-4H2,1-2H3"
460,"Benzenamine, N,N-dimethyl-","InChI=1S/C8H11N/c1-9(2)8-6-4-3-5-7-8/h3-7H,1-2H3"
461,"Benzenamine, N-ethyl-","InChI=1S/C8H11N/c1-2-9-8-6-4-3-5-7-8/h3-7,9H,2H2,1H3"
462,"Benzenamine, N-methyl-","InChI=1S/C7H9N/c1-8-7-5-3-2-4-6-7/h2-6,8H,1H3"
463,"Benzenamine, N-phenyl-","InChI=1S/C12H11N/c1-3-7-11(8-4-1)13-12-9-5-2-6-10-12/h1-10,13H"
464,Benzene,InChI=1S/C6H6/c1-2-4-6-5-3-1/h1-6H
465,Benzeneethanol,"InChI=1S/C8H10O/c9-7-6-8-4-2-1-3-5-8/h1-5,9H,6-7H2"
466,Benzenemethanethiol,"InChI=1S/C7H8S/c8-6-7-4-2-1-3-5-7/h1-5,8H,6H2"
467,"Benzene, (1,1-dimethylethyl)-","InChI=1S/C10H14/c1-10(2,3)9-7-5-4-6-8-9/h4-8H,1-3H3"
468,"Benzene, (1-methyl-1-propenyl)-, (Z)","InChI=1S/C10H12/c1-3-9(2)10-7-5-4-6-8-10/h3-8H,1-2H3/b9-3-"
469,"Benzene, (1-methyl-1-propenyl)-,(E)-","InChI=1S/C10H12/c1-3-9(2)10-7-5-4-6-8-10/h3-8H,1-2H3/b9-3+"
470,"Benzene, (1-methylenepropyl)-","InChI=1S/C10H12/c1-3-9(2)10-7-5-4-6-8-10/h4-8H,2-3H2,1H3"
471,"Benzene, (1-methylethenyl)-","InChI=1S/C9H10/c1-8(2)9-6-4-3-5-7-9/h3-7H,1H2,2H3"
472,"Benzene, (1-methylpropyl)-","InChI=1S/C10H14/c1-3-9(2)10-7-5-4-6-8-10/h4-9H,3H2,1-2H3"
473,"Benzene, (2-methylpropyl)-","InChI=1S/C10H14/c1-9(2)8-10-6-4-3-5-7-10/h3-7,9H,8H2,1-2H3"
474,"Benzene, (chloromethyl)-","InChI=1S/C7H7Cl/c8-6-7-4-2-1-3-5-7/h1-5H,6H2"
475,"Benzene, (dichloromethyl)-","InChI=1S/C7H6Cl2/c8-7(9)6-4-2-1-3-5-6/h1-5,7H"
476,"Benzene, (ethoxymethyl)-","InChI=1S/C9H12O/c1-2-10-8-9-6-4-3-5-7-9/h3-7H,2,8H2,1H3"
477,"Benzene, (methylthio)-","InChI=1S/C7H8S/c1-8-7-5-3-2-4-6-7/h2-6H,1H3"
478,"Benzene, (phenylethyl)-","InChI=1S/C14H14/c1-3-7-13(8-4-1)11-12-14-9-5-2-6-10-14/h1-10H,11-12H2"
479,"Benzene, (trichloromethyl)-","InChI=1S/C7H5Cl3/c8-7(9,10)6-4-2-1-3-5-6/h1-5H"
480,"Benzene, 1-(1,1-dimethylethyl)-4-ethenyl-","InChI=1S/C12H16/c1-5-10-6-8-11(9-7-10)12(2,3)4/h5-9H,1H2,2-4H3"
481,"Benzene, 1,1'-(1,1,2,2-tetramethyl-1,2-ethanediyl)bis-","InChI=1S/C18H22/c1-17(2,15-11-7-5-8-12-15)18(3,4)16-13-9-6-10-14-16/h5-14H,1-4H3"
482,"Benzene, 1,1'-(1,2-ethenediyl)bis-, (E)-",InChI=1S/C14H12/c1-3-7-13(8-4-1)11-12-14-9-5-2-6-10-14/h1-12H/b12-11+
483,"Benzene, 1,1'-(1,2-ethenediyl)bis-, (Z)-",InChI=1S/C14H12/c1-3-7-13(8-4-1)11-12-14-9-5-2-6-10-14/h1-12H/b12-11-
484,"Benzene, 1,1'-(1,2-ethynediyl)bis-",InChI=1S/C14H10/c1-3-7-13(8-4-1)11-12-14-9-5-2-6-10-14/h1-10H
485,"Benzene, 1,1'-[oxybis(methylene)]bis-","InChI=1S/C14H14O/c1-3-7-13(8-4-1)11-15-12-14-9-5-2-6-10-14/h1-10H,11-12H2"
486,"Benzene, 1,1',1''-(1-ethenyl-2-ylidene)tris-",InChI=1S/C20H16/c1-4-10-17(11-5-1)16-20(18-12-6-2-7-13-18)19-14-8-3-9-15-19/h1-16H
487,"Benzene, 1,1',1'',1'''-(1,2-ethenediylidene)tetrakis-",InChI=1S/C26H20/c1-5-13-21(14-6-1)25(22-15-7-2-8-16-22)26(23-17-9-3-10-18-23)24-19-11-4-12-20-24/h1-20H
488,"Benzene, 1,1',1''-methylidynetris-","InChI=1S/C19H16/c1-4-10-16(11-5-1)19(17-12-6-2-7-13-17)18-14-8-3-9-15-18/h1-15,19H"
489,"Benzene, 1,1'-ethylidenebis-","InChI=1S/C14H14/c1-12(13-8-4-2-5-9-13)14-10-6-3-7-11-14/h2-12H,1H3"
490,"Benzene, 1,1'-methylenebis-","InChI=1S/C13H12/c1-3-7-12(8-4-1)11-13-9-5-2-6-10-13/h1-10H,11H2"
491,"Benzene, 1,1'-methylenebis[4-isocyanato-","InChI=1S/C15H10N2O2/c18-10-16-14-5-1-12(2-6-14)9-13-3-7-15(8-4-13)17-11-19/h1-8H,9H2"
492,"Benzene, 1,1'-oxybis-",InChI=1S/C12H10O/c1-3-7-11(8-4-1)13-12-9-5-2-6-10-12/h1-10H
493,"Benzene, 1,2,3,4-tetramethyl-","InChI=1S/C10H14/c1-7-5-6-8(2)10(4)9(7)3/h5-6H,1-4H3"
494,"Benzene, 1,2,3,5-tetraethyl","InChI=1S/C14H22/c1-5-11-9-12(6-2)14(8-4)13(7-3)10-11/h9-10H,5-8H2,1-4H3"
495,"Benzene, 1,2,3,5-tetramethyl-","InChI=1S/C10H14/c1-7-5-8(2)10(4)9(3)6-7/h5-6H,1-4H3"
496,"Benzene, 1,2,3-trichloro-",InChI=1S/C6H3Cl3/c7-4-2-1-3-5(8)6(4)9/h1-3H
497,"Benzene, 1,2,3-triethyl-","InChI=1S/C12H18/c1-4-10-8-7-9-11(5-2)12(10)6-3/h7-9H,4-6H2,1-3H3"
498,"Benzene, 1,2,3-trimethyl-","InChI=1S/C9H12/c1-7-5-4-6-8(2)9(7)3/h4-6H,1-3H3"
499,"Benzene, 1,2,3-trimethyl-4-ethyl-","InChI=1S/C11H16/c1-5-11-7-6-8(2)9(3)10(11)4/h6-7H,5H2,1-4H3"
500,"Benzene, 1,2,4-trichloro-",InChI=1S/C6H3Cl3/c7-4-1-2-5(8)6(9)3-4/h1-3H
501,"Benzene, 1,2,4-triethyl-","InChI=1S/C12H18/c1-4-10-7-8-11(5-2)12(6-3)9-10/h7-9H,4-6H2,1-3H3"
502,"Benzene, 1,2,4-trimethyl-","InChI=1S/C9H12/c1-7-4-5-8(2)9(3)6-7/h4-6H,1-3H3"
503,"Benzene, 1,2,4-trimethyl-3-ethyl-","InChI=1S/C11H16/c1-5-11-9(3)7-6-8(2)10(11)4/h6-7H,5H2,1-4H3"
504,"Benzene, 1,2,4-trimethyl-5-ethyl-","InChI=1S/C11H16/c1-5-11-7-9(3)8(2)6-10(11)4/h6-7H,5H2,1-4H3"
505,"Benzene, 1,2-dichloro-",InChI=1S/C6H4Cl2/c7-5-3-1-2-4-6(5)8/h1-4H
506,"Benzene, 1,2-dichloro-4-isocyanato-",InChI=1S/C7H3Cl2NO/c8-6-2-1-5(10-4-11)3-7(6)9/h1-3H
507,"Benzene, 1,2-dichloro-4-nitro-",InChI=1S/C6H3Cl2NO2/c7-5-2-1-4(9(10)11)3-6(5)8/h1-3H
508,"Benzene, 1,2-diethyl-","InChI=1S/C10H14/c1-3-9-7-5-6-8-10(9)4-2/h5-8H,3-4H2,1-2H3"
509,"Benzene, 1,2-dimethyl-","InChI=1S/C8H10/c1-7-5-3-4-6-8(7)2/h3-6H,1-2H3"
510,"Benzene, 1,2-dimethyl-3-propyl-","InChI=1S/C11H16/c1-4-6-11-8-5-7-9(2)10(11)3/h5,7-8H,4,6H2,1-3H3"
511,"Benzene, 1,3,5-trichloro-",InChI=1S/C6H3Cl3/c7-4-1-5(8)3-6(9)2-4/h1-3H
512,"Benzene, 1,3,5-trimethyl-","InChI=1S/C9H12/c1-7-4-8(2)6-9(3)5-7/h4-6H,1-3H3"
513,"Benzene, 1,3-bis(1-methylethyl)-","InChI=1S/C12H18/c1-9(2)11-6-5-7-12(8-11)10(3)4/h5-10H,1-4H3"
514,"Benzene, 1,3-dibromo-",InChI=1S/C6H4Br2/c7-5-2-1-3-6(8)4-5/h1-4H
515,"Benzene, 1,3-dichloro-",InChI=1S/C6H4Cl2/c7-5-2-1-3-6(8)4-5/h1-4H
516,"Benzene, 1,3-diethenyl-","InChI=1S/C10H10/c1-3-9-6-5-7-10(4-2)8-9/h3-8H,1-2H2"
517,"Benzene, 1,3-diethyl-","InChI=1S/C10H14/c1-3-9-6-5-7-10(4-2)8-9/h5-8H,3-4H2,1-2H3"
518,"Benzene, 1,3-diisocyanato-2-methyl","InChI=1S/C9H6N2O2/c1-7-8(10-5-12)3-2-4-9(7)11-6-13/h2-4H,1H3"
519,"Benzene, 1,3-dimethyl-","InChI=1S/C8H10/c1-7-4-3-5-8(2)6-7/h3-6H,1-2H3"
520,"Benzene, 1,4-bis(1,1-dimethylethyl)-","InChI=1S/C14H22/c1-13(2,3)11-7-9-12(10-8-11)14(4,5)6/h7-10H,1-6H3"
521,"Benzene, 1,4-bis(1-methylethyl)-","InChI=1S/C12H18/c1-9(2)11-5-7-12(8-6-11)10(3)4/h5-10H,1-4H3"
522,"Benzene, 1,4-diethyl-","InChI=1S/C10H14/c1-3-9-5-7-10(4-2)8-6-9/h5-8H,3-4H2,1-2H3"
523,"Benzene, 1,4-dimethyl-","InChI=1S/C8H10/c1-7-3-5-8(2)6-4-7/h3-6H,1-2H3"
524,"Benzene, 1-chloro-2-methyl-","InChI=1S/C7H7Cl/c1-6-4-2-3-5-7(6)8/h2-5H,1H3"
525,"Benzene, 1-chloro-4-methyl-","InChI=1S/C7H7Cl/c1-6-2-4-7(8)5-3-6/h2-5H,1H3"
526,"Benzene, 1-ethenyl-2-ethyl-","InChI=1S/C10H12/c1-3-9-7-5-6-8-10(9)4-2/h3,5-8H,1,4H2,2H3"
527,"Benzene, 1-ethenyl-2-methyl-","InChI=1S/C9H10/c1-3-9-7-5-4-6-8(9)2/h3-7H,1H2,2H3"
528,"Benzene, 1-ethenyl-3-ethyl-","InChI=1S/C10H12/c1-3-9-6-5-7-10(4-2)8-9/h3,5-8H,1,4H2,2H3"
529,"Benzene, 1-ethenyl-3-methyl-","InChI=1S/C9H10/c1-3-9-6-4-5-8(2)7-9/h3-7H,1H2,2H3"
530,"Benzene, 1-ethenyl-4-(1-methylethenyl)-","InChI=1S/C11H12/c1-4-10-5-7-11(8-6-10)9(2)3/h4-8H,1-2H2,3H3"
531,"Benzene, 1-ethenyl-4-(2-methylpropyl)","InChI=1S/C12H16/c1-4-11-5-7-12(8-6-11)9-10(2)3/h4-8,10H,1,9H2,2-3H3"
532,"Benzene, 1-ethenyl-4-ethyl-","InChI=1S/C10H12/c1-3-9-5-7-10(4-2)8-6-9/h3,5-8H,1,4H2,2H3"
533,"Benzene, 1-ethenyl-4-methyl-","InChI=1S/C9H10/c1-3-9-6-4-8(2)5-7-9/h3-7H,1H2,2H3"
534,"Benzene, 1-ethyl-, 2,4-dimethyl-","InChI=1S/C10H14/c1-4-10-6-5-8(2)7-9(10)3/h5-7H,4H2,1-3H3"
535,"Benzene, 1-ethyl-2-(1-methyl ethyl)-","InChI=1S/C11H16/c1-4-10-7-5-6-8-11(10)9(2)3/h5-9H,4H2,1-3H3"
536,"Benzene, 1-ethyl-2,3-dimethyl-","InChI=1S/C10H14/c1-4-10-7-5-6-8(2)9(10)3/h5-7H,4H2,1-3H3"
537,"Benzene, 1-ethyl-2-methyl-","InChI=1S/C9H12/c1-3-9-7-5-4-6-8(9)2/h4-7H,3H2,1-2H3"
538,"Benzene, 1-ethyl-3-methyl-","InChI=1S/C9H12/c1-3-9-6-4-5-8(2)7-9/h4-7H,3H2,1-2H3"
539,"Benzene, 1-ethyl-4-(2 phenylethyl)-","InChI=1S/C16H18/c1-2-14-8-10-16(11-9-14)13-12-15-6-4-3-5-7-15/h3-11H,2,12-13H2,1H3"
540,"Benzene, 1-ethyl-4-methyl-","InChI=1S/C9H12/c1-3-9-6-4-8(2)5-7-9/h4-7H,3H2,1-2H3"
541,"Benzene, 1-methoxy-4-(1-propenyl)-","InChI=1S/C10H12O/c1-3-4-9-5-7-10(11-2)8-6-9/h3-8H,1-2H3"
542,"Benzene, 1-methyl-2-(1-methylethyl)-","InChI=1S/C10H14/c1-8(2)10-7-5-4-6-9(10)3/h4-8H,1-3H3"
543,"Benzene, 1-methyl-2-nitro-","InChI=1S/C7H7NO2/c1-6-4-2-3-5-7(6)8(9)10/h2-5H,1H3"
544,"Benzene, 1-methyl-2-propyl-","InChI=1S/C10H14/c1-3-6-10-8-5-4-7-9(10)2/h4-5,7-8H,3,6H2,1-2H3"
545,"Benzene, 1-methyl-3-(1-methylethoxy)","InChI=1S/C10H14O/c1-8(2)11-10-6-4-5-9(3)7-10/h4-8H,1-3H3"
546,"Benzene, 1-methyl-3-(1-methylethyl)-","InChI=1S/C10H14/c1-8(2)10-6-4-5-9(3)7-10/h4-8H,1-3H3"
547,"Benzene, 1-methyl-3-nitro-","InChI=1S/C7H7NO2/c1-6-3-2-4-7(5-6)8(9)10/h2-5H,1H3"
548,"Benzene, 1-methyl-3-propyl-","InChI=1S/C10H14/c1-3-5-10-7-4-6-9(2)8-10/h4,6-8H,3,5H2,1-2H3"
549,"Benzene, 1-methyl-4-(1-methylethyl)-","InChI=1S/C10H14/c1-8(2)10-6-4-9(3)5-7-10/h4-8H,1-3H3"
550,1-Methyl-4-propylbenzene,"InChI=1S/C10H14/c1-3-4-10-7-5-9(2)6-8-10/h5-8H,3-4H2,1-2H3"
551,"Benzene, (1-methylethyl)-","InChI=1S/C9H12/c1-8(2)9-6-4-3-5-7-9/h3-8H,1-2H3"
552,"Benzene, 1-propenyl-,(E)-","InChI=1S/C9H10/c1-2-6-9-7-4-3-5-8-9/h2-8H,1H3/b6-2+"
553,"Benzene, 1-propenyl-,(Z)-","InChI=1S/C9H10/c1-2-6-9-7-4-3-5-8-9/h2-8H,1H3/b6-2-"
554,1-tert-Butyl-4-ethylbenzene,"InChI=1S/C12H18/c1-5-10-6-8-11(9-7-10)12(2,3)4/h6-9H,5H2,1-4H3"
555,"Benzene, 2,4-dichloro-1-methyl-","InChI=1S/C7H6Cl2/c1-5-2-3-6(8)4-7(5)9/h2-4H,1H3"
556,"Benzene, 2-ethyl-1,4-dimethyl-","InChI=1S/C10H14/c1-4-10-7-8(2)5-6-9(10)3/h5-7H,4H2,1-3H3"
557,"Benzene, 2-methyl-1,3-dinitro-","InChI=1S/C7H6N2O4/c1-5-6(8(10)11)3-2-4-7(5)9(12)13/h2-4H,1H3"
558,"Benzene, bromo-",InChI=1S/C6H5Br/c7-6-4-2-1-3-5-6/h1-5H
559,"Benzene, butyl-","InChI=1S/C10H14/c1-2-3-7-10-8-5-4-6-9-10/h4-6,8-9H,2-3,7H2,1H3"
560,"Benzene, chloro-",InChI=1S/C6H5Cl/c7-6-4-2-1-3-5-6/h1-5H
561,"Benzene, cyclohexyl-","InChI=1S/C12H16/c1-3-7-11(8-4-1)12-9-5-2-6-10-12/h1,3-4,7-8,12H,2,5-6,9-10H2"
562,"Benzene, decyl-","InChI=1S/C16H26/c1-2-3-4-5-6-7-8-10-13-16-14-11-9-12-15-16/h9,11-12,14-15H,2-8,10,13H2,1H3"
563,"Benzene, dodecyl-","InChI=1S/C18H30/c1-2-3-4-5-6-7-8-9-10-12-15-18-16-13-11-14-17-18/h11,13-14,16-17H,2-10,12,15H2,1H3"
564,"Benzene, ethenyl-","InChI=1S/C8H8/c1-2-8-6-4-3-5-7-8/h2-7H,1H2"
565,"Benzene, ethoxy-","InChI=1S/C8H10O/c1-2-9-8-6-4-3-5-7-8/h3-7H,2H2,1H3"
566,"Benzene, ethyl-","InChI=1S/C8H10/c1-2-8-6-4-3-5-7-8/h3-7H,2H2,1H3"
567,"Benzene, heptyl-","InChI=1S/C13H20/c1-2-3-4-5-7-10-13-11-8-6-9-12-13/h6,8-9,11-12H,2-5,7,10H2,1H3"
568,"Benzene, hexaethyl-","InChI=1S/C18H30/c1-7-13-14(8-2)16(10-4)18(12-6)17(11-5)15(13)9-3/h7-12H2,1-6H3"
569,"Benzene, hexyl-","InChI=1S/C12H18/c1-2-3-4-6-9-12-10-7-5-8-11-12/h5,7-8,10-11H,2-4,6,9H2,1H3"
570,"Benzene, methoxy-","InChI=1S/C7H8O/c1-8-7-5-3-2-4-6-7/h2-6H,1H3"
571,"Benzene, methyl-","InChI=1S/C7H8/c1-7-5-3-2-4-6-7/h2-6H,1H3"
572,"Benzene, nitro-",InChI=1S/C6H5NO2/c8-7(9)6-4-2-1-3-5-6/h1-5H
573,"Benzene, nonyl-","InChI=1S/C15H24/c1-2-3-4-5-6-7-9-12-15-13-10-8-11-14-15/h8,10-11,13-14H,2-7,9,12H2,1H3"
574,"Benzene, octadecyl-","InChI=1S/C24H42/c1-2-3-4-5-6-7-8-9-10-11-12-13-14-15-16-18-21-24-22-19-17-20-23-24/h17,19-20,22-23H,2-16,18,21H2,1H3"
575,"Benzene, octyl-","InChI=1S/C14H22/c1-2-3-4-5-6-8-11-14-12-9-7-10-13-14/h7,9-10,12-13H,2-6,8,11H2,1H3"
576,"Benzene, pentadecyl-","InChI=1S/C21H36/c1-2-3-4-5-6-7-8-9-10-11-12-13-15-18-21-19-16-14-17-20-21/h14,16-17,19-20H,2-13,15,18H2,1H3"
577,"Benzene, pentaethyl","InChI=1S/C16H26/c1-6-12-11-13(7-2)15(9-4)16(10-5)14(12)8-3/h11H,6-10H2,1-5H3"
578,"Benzene, pentamethyl-","InChI=1S/C11H16/c1-7-6-8(2)10(4)11(5)9(7)3/h6H,1-5H3"
579,"Benzene, pentyl-","InChI=1S/C11H16/c1-2-3-5-8-11-9-6-4-7-10-11/h4,6-7,9-10H,2-3,5,8H2,1H3"
580,"Benzene, propyl-","InChI=1S/C9H12/c1-2-6-9-7-4-3-5-8-9/h3-5,7-8H,2,6H2,1H3"
581,"Benzene, tetradecyl-","InChI=1S/C20H34/c1-2-3-4-5-6-7-8-9-10-11-12-14-17-20-18-15-13-16-19-20/h13,15-16,18-19H,2-12,14,17H2,1H3"
582,"Benzene, tridecyl-","InChI=1S/C19H32/c1-2-3-4-5-6-7-8-9-10-11-13-16-19-17-14-12-15-18-19/h12,14-15,17-18H,2-11,13,16H2,1H3"
583,"Benzene, undecyl-","InChI=1S/C17H28/c1-2-3-4-5-6-7-8-9-11-14-17-15-12-10-13-16-17/h10,12-13,15-16H,2-9,11,14H2,1H3"
584,"Benzene, 1,1',1''-(1-ethanyl-2-ylidene)tris-","InChI=1S/C20H18/c1-4-10-17(11-5-1)16-20(18-12-6-2-7-13-18)19-14-8-3-9-15-19/h1-15,20H,16H2"
585,"Benzene, 1,3,5-triethyl","InChI=1S/C12H18/c1-4-10-7-11(5-2)9-12(6-3)8-10/h7-9H,4-6H2,1-3H3"
586,"Benzeneacetaldehyde, alpha-methyl-","InChI=1S/C9H10O/c1-8(7-10)9-5-3-2-4-6-9/h2-8H,1H3"
587,"Benzeneacetic acid, 4-methoxy-","InChI=1S/C9H10O3/c1-12-8-4-2-7(3-5-8)6-9(10)11/h2-5H,6H2,1H3,(H,10,11)"
588,"Benzeneacetic acid, alpha-methyl-4-(2-methylpropyl)","InChI=1S/C13H18O2/c1-9(2)8-11-4-6-12(7-5-11)10(3)13(14)15/h4-7,9-10H,8H2,1-3H3,(H,14,15)"
589,Benzeneacetonitrile,"InChI=1S/C8H7N/c9-7-6-8-4-2-1-3-5-8/h1-5H,6H2"
590,"Benzeneethanol, beta-methyl-","InChI=1S/C9H12O/c1-8(7-10)9-5-3-2-4-6-9/h2-6,8,10H,7H2,1H3"
591,Benzenemethanamine,"InChI=1S/C7H9N/c8-6-7-4-2-1-3-5-7/h1-5H,6,8H2"
592,Benzenemethanol,"InChI=1S/C7H8O/c8-6-7-4-2-1-3-5-7/h1-5,8H,6H2"
593,"Benzenemethanol, 2-methyl-","InChI=1S/C8H10O/c1-7-4-2-3-5-8(7)6-9/h2-5,9H,6H2,1H3"
594,"Benzenemethanol, 3-methyl","InChI=1S/C8H10O/c1-7-3-2-4-8(5-7)6-9/h2-5,9H,6H2,1H3"
595,"Benzenemethanol, 4-methyl-","InChI=1S/C8H10O/c1-7-2-4-8(6-9)5-3-7/h2-5,9H,6H2,1H3"
596,Benzenepropanol,"InChI=1S/C9H12O/c10-8-4-7-9-5-2-1-3-6-9/h1-3,5-6,10H,4,7-8H2"
597,Benzenethiol,"InChI=1S/C6H6S/c7-6-4-2-1-3-5-6/h1-5,7H"
598,Benzo[b]thiophene,InChI=1S/C8H6S/c1-2-4-8-7(3-1)5-6-9-8/h1-6H
599,"Benzo[b]thiophene, 2,7-dimethyl","InChI=1S/C10H10S/c1-7-4-3-5-9-6-8(2)11-10(7)9/h3-6H,1-2H3"
600,"Benzo[b]thiophene, 2-methyl-","InChI=1S/C9H8S/c1-7-6-8-4-2-3-5-9(8)10-7/h2-6H,1H3"
601,Benzoic acid,"InChI=1S/C7H6O2/c8-7(9)6-4-2-1-3-5-6/h1-5H,(H,8,9)"
602,"Benzoic acid, 2-(acetyloxy)","InChI=1S/C9H8O4/c1-6(10)13-8-5-3-2-4-7(8)9(11)12/h2-5H,1H3,(H,11,12)"
603,"Benzoic acid, 2-chloro-","InChI=1S/C7H5ClO2/c8-6-4-2-1-3-5(6)7(9)10/h1-4H,(H,9,10)"
604,"Benzoic acid, 2-formyl-","InChI=1S/C8H6O3/c9-5-6-3-1-2-4-7(6)8(10)11/h1-5H,(H,10,11)"
605,"Benzoic acid, 2-hydroxy-, methyl ester","InChI=1S/C8H8O3/c1-11-8(10)6-4-2-3-5-7(6)9/h2-5,9H,1H3"
606,"Benzoic acid, 2-methyl-","InChI=1S/C8H8O2/c1-6-4-2-3-5-7(6)8(9)10/h2-5H,1H3,(H,9,10)"
607,"Benzoic acid, 4-formyl-, methyl ester","InChI=1S/C9H8O3/c1-12-9(11)8-4-2-7(6-10)3-5-8/h2-6H,1H3"
608,"Benzoic acid, 4-methyl-, methyl ester","InChI=1S/C9H10O2/c1-7-3-5-8(6-4-7)9(10)11-2/h3-6H,1-2H3"
609,"Benzoic acid, butyl ester","InChI=1S/C11H14O2/c1-2-3-9-13-11(12)10-7-5-4-6-8-10/h4-8H,2-3,9H2,1H3"
610,"Benzoic acid, ethyl ester","InChI=1S/C9H10O2/c1-2-11-9(10)8-6-4-3-5-7-8/h3-7H,2H2,1H3"
611,"Benzoic acid, methyl ester","InChI=1S/C8H8O2/c1-10-8(9)7-5-3-2-4-6-7/h2-6H,1H3"
612,"Benzoic acid, phenylmethyl ester","InChI=1S/C14H12O2/c15-14(13-9-5-2-6-10-13)16-11-12-7-3-1-4-8-12/h1-10H,11H2"
613,"Benzoic acid, propyl ester","InChI=1S/C10H12O2/c1-2-8-12-10(11)9-6-4-3-5-7-9/h3-7H,2,8H2,1H3"
614,Benzonitrile,InChI=1S/C7H5N/c8-6-7-4-2-1-3-5-7/h1-5H
615,Benzoyl chloride,InChI=1S/C7H5ClO/c8-7(9)6-4-2-1-3-5-6/h1-5H
616,"Benzyl alcohol, alpha-methyl-, formate","InChI=1S/C9H10O2/c1-8(11-7-10)9-5-3-2-4-6-9/h2-8H,1H3"
617,"Bicyclo(3.1.1)heptane, 6,6-dimethyl-2-methylene","InChI=1S/C10H16/c1-7-4-5-8-6-9(7)10(8,2)3/h8-9H,1,4-6H2,2-3H3"
618,Biphenyl,InChI=1S/C12H10/c1-3-7-11(8-4-1)12-9-5-2-6-10-12/h1-10H
619,Butanal,"InChI=1S/C4H8O/c1-2-3-4-5/h4H,2-3H2,1H3"
620,"Butanal, 2-methyl","InChI=1S/C5H10O/c1-3-5(2)4-6/h4-5H,3H2,1-2H3"
621,"Butanal, 3-hydroxy-","InChI=1S/C4H8O2/c1-4(6)2-3-5/h3-4,6H,2H2,1H3"
622,"Butanal, 4-hydroxy-","InChI=1S/C4H8O2/c5-3-1-2-4-6/h3,6H,1-2,4H2"
623,"Butane, 1-(1-methylethoxy)-","InChI=1S/C7H16O/c1-4-5-6-8-7(2)3/h7H,4-6H2,1-3H3"
624,"Butane, 1-(ethenyloxy)-","InChI=1S/C6H12O/c1-3-5-6-7-4-2/h4H,2-3,5-6H2,1H3"
625,"Butane, 1-(methylthio)-","InChI=1S/C5H12S/c1-3-4-5-6-2/h3-5H2,1-2H3"
626,"Butane, 1,1'-[oxybis(2,1-ethanediyloxy)]bis-","InChI=1S/C12H26O3/c1-3-5-7-13-9-11-15-12-10-14-8-6-4-2/h3-12H2,1-2H3"
627,"Butane, 1,1'-oxybis-","InChI=1S/C8H18O/c1-3-5-7-9-8-6-4-2/h3-8H2,1-2H3"
628,"Butane, 1,1'-thiobis[3-methyl-","InChI=1S/C10H22S/c1-9(2)5-7-11-8-6-10(3)4/h9-10H,5-8H2,1-4H3"
629,"Butane, 1,2-dichloro-","InChI=1S/C4H8Cl2/c1-2-4(6)3-5/h4H,2-3H2,1H3"
630,"Butane, 1,4-dichloro-",InChI=1S/C4H8Cl2/c5-3-1-2-4-6/h1-4H2
631,"Butane, 1,1'-thiobis-","InChI=1S/C8H18S/c1-3-5-7-9-8-6-4-2/h3-8H2,1-2H3"
632,"Butane, 1-chloro-","InChI=1S/C4H9Cl/c1-2-3-4-5/h2-4H2,1H3"
633,"Butane, 1-ethoxy-","InChI=1S/C6H14O/c1-3-5-6-7-4-2/h3-6H2,1-2H3"
634,"Butane, 1-isocyanato-","InChI=1S/C5H9NO/c1-2-3-4-6-5-7/h2-4H2,1H3"
635,"Butane, 1-methoxy-","InChI=1S/C5H12O/c1-3-4-5-6-2/h3-5H2,1-2H3"
636,"Butane, 2-(1,1-dimethylethoxy)-","InChI=1S/C8H18O/c1-6-7(2)9-8(3,4)5/h7H,6H2,1-5H3"
637,"Butane, 2,2,3-trimethyl-","InChI=1S/C7H16/c1-6(2)7(3,4)5/h6H,1-5H3"
638,"Butane, 2,2-dimethyl-","InChI=1S/C6H14/c1-5-6(2,3)4/h5H2,1-4H3"
639,"Butane, 2,3-dichloro-","InChI=1S/C4H8Cl2/c1-3(5)4(2)6/h3-4H,1-2H3"
640,"Butane, 2,3-dimethyl-","InChI=1S/C6H14/c1-5(2)6(3)4/h5-6H,1-4H3"
641,"Butane, 2-chloro-","InChI=1S/C4H9Cl/c1-3-4(2)5/h4H,3H2,1-2H3"
642,"Butane, 2-ethoxy-2-methyl","InChI=1S/C7H16O/c1-5-7(3,4)8-6-2/h5-6H2,1-4H3"
643,"Butane, 2-methoxy-","InChI=1S/C5H12O/c1-4-5(2)6-3/h5H,4H2,1-3H3"
644,"Butane, 2-methoxy-2-methyl","InChI=1S/C6H14O/c1-5-6(2,3)7-4/h5H2,1-4H3"
645,"Butane, 2-methyl-","InChI=1S/C5H12/c1-4-5(2)3/h5H,4H2,1-3H3"
646,"Butane, 2-methyl-2-(methylthio)-","InChI=1S/C6H14S/c1-5-6(2,3)7-4/h5H2,1-4H3"
647,"Butanedioic acid, diethyl ester","InChI=1S/C8H14O4/c1-3-11-7(9)5-6-8(10)12-4-2/h3-6H2,1-2H3"
648,"Butanedioic acid, hydroxy-(+-)-","InChI=1S/C4H6O5/c5-2(4(8)9)1-3(6)7/h2,5H,1H2,(H,6,7)(H,8,9)"
649,"Butanedioic acid, methylene-","InChI=1S/C5H6O4/c1-3(5(8)9)2-4(6)7/h1-2H2,(H,6,7)(H,8,9)"
650,Butanenitrile,"InChI=1S/C4H7N/c1-2-3-4-5/h2-3H2,1H3"
651,Butanoic acid,"InChI=1S/C4H8O2/c1-2-3-4(5)6/h2-3H2,1H3,(H,5,6)"
652,"Butanoic acid, 2,2-dimethyl-","InChI=1S/C6H12O2/c1-4-6(2,3)5(7)8/h4H2,1-3H3,(H,7,8)"
653,"Butanoic acid, 2-ethyl-","InChI=1S/C6H12O2/c1-3-5(4-2)6(7)8/h5H,3-4H2,1-2H3,(H,7,8)"
654,"Butanoic acid, 2-methyl-","InChI=1S/C5H10O2/c1-3-4(2)5(6)7/h4H,3H2,1-2H3,(H,6,7)"
655,"Butanoic acid, 3-methyl-","InChI=1S/C5H10O2/c1-4(2)3-5(6)7/h4H,3H2,1-2H3,(H,6,7)"
656,"Butanoic acid, 3-methyl-, 3-methylbutyl ester","InChI=1S/C10H20O2/c1-8(2)5-6-12-10(11)7-9(3)4/h8-9H,5-7H2,1-4H3"
657,"Butanoic acid, 3-methyl-, ethyl ester","InChI=1S/C7H14O2/c1-4-9-7(8)5-6(2)3/h6H,4-5H2,1-3H3"
658,"Butanoic acid, 3-oxo-, ethyl ester","InChI=1S/C6H10O3/c1-3-9-6(8)4-5(2)7/h3-4H2,1-2H3"
659,"Butanoic acid, 3-oxo-, methyl ester","InChI=1S/C5H8O3/c1-4(6)3-5(7)8-2/h3H2,1-2H3"
660,"Butanoic acid, anhydride","InChI=1S/C8H14O3/c1-3-5-7(9)11-8(10)6-4-2/h3-6H2,1-2H3"
661,"Butanoic acid, butyl ester","InChI=1S/C8H16O2/c1-3-5-7-10-8(9)6-4-2/h3-7H2,1-2H3"
662,"Butanoic acid, ethyl ester","InChI=1S/C6H12O2/c1-3-5-6(7)8-4-2/h3-5H2,1-2H3"
663,"Butanoic acid, methyl ester","InChI=1S/C5H10O2/c1-3-4-5(6)7-2/h3-4H2,1-2H3"
664,"Butanoic acid, propyl ester","InChI=1S/C7H14O2/c1-3-5-7(8)9-6-4-2/h3-6H2,1-2H3"
665,"Carbonic acid, diethyl ester","InChI=1S/C5H10O3/c1-3-7-5(6)8-4-2/h3-4H2,1-2H3"
666,"Carbonic acid, dimethyl ester",InChI=1S/C3H6O3/c1-5-3(4)6-2/h1-2H3
667,"Carbonochloridic acid, ethyl ester","InChI=1S/C3H5ClO2/c1-2-6-3(4)5/h2H2,1H3"
668,"Carbonochloridic acid, methyl ester",InChI=1S/C2H3ClO2/c1-5-2(3)4/h1H3
669,Cyclobutane,InChI=1S/C4H8/c1-2-4-3-1/h1-4H2
670,Cycloheptane,InChI=1S/C7H14/c1-2-4-6-7-5-3-1/h1-7H2
671,Cycloheptene,"InChI=1S/C7H12/c1-2-4-6-7-5-3-1/h1-2H,3-7H2"
672,"Cyclohexanamine, N-cyclohexyl-","InChI=1S/C12H23N/c1-3-7-11(8-4-1)13-12-9-5-2-6-10-12/h11-13H,1-10H2"
673,"Cyclohexanamine, N-methyl-","InChI=1S/C7H15N/c1-8-7-5-3-2-4-6-7/h7-8H,2-6H2,1H3"
674,"Cyclohexane, (1-methylethyl)-","InChI=1S/C9H18/c1-8(2)9-6-4-3-5-7-9/h8-9H,3-7H2,1-2H3"
675,"Cyclohexane, 1,1-diethyl-","InChI=1S/C10H20/c1-3-10(4-2)8-6-5-7-9-10/h3-9H2,1-2H3"
676,"Cyclohexane, 1,1-dimethyl-","InChI=1S/C8H16/c1-8(2)6-4-3-5-7-8/h3-7H2,1-2H3"
677,"Cyclohexane, 1,1'-thiobis-","InChI=1S/C12H22S/c1-3-7-11(8-4-1)13-12-9-5-2-6-10-12/h11-12H,1-10H2"
678,"Cyclohexane, 5-isocyanato-1-(isocyanatomethyl)-1,3,3-trimethyl-","InChI=1S/C12H18N2O2/c1-11(2)4-10(14-9-16)5-12(3,6-11)7-13-8-15/h10H,4-7H2,1-3H3"
679,"Cyclohexane, butyl-","InChI=1S/C10H20/c1-2-3-7-10-8-5-4-6-9-10/h10H,2-9H2,1H3"
680,"Cyclohexane, decyl-","InChI=1S/C16H32/c1-2-3-4-5-6-7-8-10-13-16-14-11-9-12-15-16/h16H,2-15H2,1H3"
681,"Cyclohexane, ethyl-","InChI=1S/C8H16/c1-2-8-6-4-3-5-7-8/h8H,2-7H2,1H3"
682,"Cyclohexane, isocyanato-","InChI=1S/C7H11NO/c9-6-8-7-4-2-1-3-5-7/h7H,1-5H2"
683,"Cyclohexane, methyl-","InChI=1S/C7H14/c1-7-5-3-2-4-6-7/h7H,2-6H2,1H3"
684,"Cyclohexane, propyl-","InChI=1S/C9H18/c1-2-6-9-7-4-3-5-8-9/h9H,2-8H2,1H3"
685,"Cyclohexane, trans-, 1,4-diethyl-","InChI=1S/C10H20/c1-3-9-5-7-10(4-2)8-6-9/h9-10H,3-8H2,1-2H3/t9-,10-"
686,"Cyclohexane, 1,2,3,4-tetramethyl-","InChI=1S/C10H20/c1-7-5-6-8(2)10(4)9(7)3/h7-10H,5-6H2,1-4H3"
687,Cyclohexanethiol,"InChI=1S/C6H12S/c7-6-4-2-1-3-5-6/h6-7H,1-5H2"
688,Cyclohexanol,"InChI=1S/C6H12O/c7-6-4-2-1-3-5-6/h6-7H,1-5H2"
689,"Cyclohexanol, 1-methyl-","InChI=1S/C7H14O/c1-7(8)5-3-2-4-6-7/h8H,2-6H2,1H3"
690,Cyclohexanone,InChI=1S/C6H10O/c7-6-4-2-1-3-5-6/h1-5H2
691,Cyclohexene,"InChI=1S/C6H10/c1-2-4-6-5-3-1/h1-2H,3-6H2"
692,"Cyclohexene, 1-methyl-4-(1-methylethenyl)-, (R)-","InChI=1S/C10H16/c1-8(2)10-6-4-9(3)5-7-10/h4,10H,1,5-7H2,2-3H3/t10-/m0/s1"
693,"Cyclohexene, 1-methyl-4-(1-methylethylidene)-","InChI=1S/C10H16/c1-8(2)10-6-4-9(3)5-7-10/h4H,5-7H2,1-3H3"
694,"Cyclohexene, 1-methyl-4-vinyl-","InChI=1S/C9H14/c1-3-9-6-4-8(2)5-7-9/h3-4,9H,1,5-7H2,2H3"
695,"Cyclohexene, 3-methylene-6-(1-methylethyl)-","InChI=1S/C10H16/c1-8(2)10-6-4-9(3)5-7-10/h4,6,8,10H,3,5,7H2,1-2H3"
696,"Cyclohexene, 1-(2-propenyl)","InChI=1S/C9H14/c1-2-6-9-7-4-3-5-8-9/h2,7H,1,3-6,8H2"
697,Cyclooctane,InChI=1S/C8H16/c1-2-4-6-8-7-5-3-1/h1-8H2
698,"Cyclooctasiloxane, hexadecamethyl-","InChI=1S/C16H48O8Si8/c1-25(2)17-26(3,4)19-28(7,8)21-30(11,12)23-32(15,16)24-31(13,14)22-29(9,10)20-27(5,6)18-25/h1-16H3"
699,Cyclooctene,"InChI=1S/C8H14/c1-2-4-6-8-7-5-3-1/h1-2H,3-8H2"
700,Cyclopentanamine,"InChI=1S/C5H11N/c6-5-3-1-2-4-5/h5H,1-4,6H2"
701,Cyclopentane,InChI=1S/C5H10/c1-2-4-5-3-1/h1-5H2
702,"Cyclopentane, 1,1-dimethyl-","InChI=1S/C7H14/c1-7(2)5-3-4-6-7/h3-6H2,1-2H3"
703,"Cyclopentane, 1-butyl-","InChI=1S/C9H18/c1-2-3-6-9-7-4-5-8-9/h9H,2-8H2,1H3"
704,"Cyclopentane, 1-ethyl-1-methyl-","InChI=1S/C8H16/c1-3-8(2)6-4-5-7-8/h3-7H2,1-2H3"
705,"Cyclopentane, ethyl-","InChI=1S/C7H14/c1-2-7-5-3-4-6-7/h7H,2-6H2,1H3"
706,"Cyclopentane, methyl-","InChI=1S/C6H12/c1-6-4-2-3-5-6/h6H,2-5H2,1H3"
707,"Cyclopentane, propyl-","InChI=1S/C8H16/c1-2-5-8-6-3-4-7-8/h8H,2-7H2,1H3"
708,"Cyclopentane,(1-methylethyl)-","InChI=1S/C8H16/c1-7(2)8-5-3-4-6-8/h7-8H,3-6H2,1-2H3"
709,Cyclopentaneacetic acid,"InChI=1S/C7H12O2/c8-7(9)5-6-3-1-2-4-6/h6H,1-5H2,(H,8,9)"
710,Cyclopentanone,InChI=1S/C5H8O/c6-5-3-1-2-4-5/h1-4H2
711,"Cyclopentene, 4-methyl-","InChI=1S/C6H10/c1-6-4-2-3-5-6/h2-3,6H,4-5H2,1H3"
712,Cyclopropane amine,"InChI=1S/C3H7N/c4-3-1-2-3/h3H,1-2,4H2"
713,Cyclopropanecarbonitrile,"InChI=1S/C4H5N/c5-3-4-1-2-4/h4H,1-2H2"
714,Cyclopropanecarboxylic acid,"InChI=1S/C4H6O2/c5-4(6)3-1-2-3/h3H,1-2H2,(H,5,6)"
715,Decanal,"InChI=1S/C10H20O/c1-2-3-4-5-6-7-8-9-10-11/h10H,2-9H2,1H3"
716,Decane,"InChI=1S/C10H22/c1-3-5-7-9-10-8-6-4-2/h3-10H2,1-2H3"
717,Decanedioic acid,"InChI=1S/C10H18O4/c11-9(12)7-5-3-1-2-4-6-8-10(13)14/h1-8H2,(H,11,12)(H,13,14)"
718,"Decanedioic acid, dibutyl ester","InChI=1S/C18H34O4/c1-3-5-15-21-17(19)13-11-9-7-8-10-12-14-18(20)22-16-6-4-2/h3-16H2,1-2H3"
719,Decanoic acid,"InChI=1S/C10H20O2/c1-2-3-4-5-6-7-8-9-10(11)12/h2-9H2,1H3,(H,11,12)"
720,"Decanoic acid, methyl ester","InChI=1S/C11H22O2/c1-3-4-5-6-7-8-9-10-11(12)13-2/h3-10H2,1-2H3"
721,Dibenzofuran,InChI=1S/C12H8O/c1-3-7-11-9(5-1)10-6-2-4-8-12(10)13-11/h1-8H
722,Dibenzothiophene,InChI=1S/C12H8S/c1-3-7-11-9(5-1)10-6-2-4-8-12(10)13-11/h1-8H
723,Dimethyl succinate,"InChI=1S/C6H10O4/c1-9-5(7)3-4-6(8)10-2/h3-4H2,1-2H3"
724,"Disulfide, bis(1,1-dimethylethyl)","InChI=1S/C8H18S2/c1-7(2,3)9-10-8(4,5)6/h1-6H3"
725,"Disulfide, diethyl","InChI=1S/C4H10S2/c1-3-5-6-4-2/h3-4H2,1-2H3"
726,"Disulfide, dimethyl-",InChI=1S/C2H6S2/c1-3-4-2/h1-2H3
727,"Disulfide, diphenyl",InChI=1S/C12H10S2/c1-3-7-11(8-4-1)13-14-12-9-5-2-6-10-12/h1-10H
728,"Disulfide, dipropyl","InChI=1S/C6H14S2/c1-3-5-7-8-6-4-2/h3-6H2,1-2H3"
729,"Disulfide, ethyl methyl","InChI=1S/C3H8S2/c1-3-5-4-2/h3H2,1-2H3"
730,Ethyl propyl disulfide,"InChI=1S/C5H12S2/c1-3-5-7-6-4-2/h3-5H2,1-2H3"
731,Docosane,"InChI=1S/C22H46/c1-3-5-7-9-11-13-15-17-19-21-22-20-18-16-14-12-10-8-6-4-2/h3-22H2,1-2H3"
732,Dodecane,"InChI=1S/C12H26/c1-3-5-7-9-11-12-10-8-6-4-2/h3-12H2,1-2H3"
733,Dodecanoic acid,"InChI=1S/C12H24O2/c1-2-3-4-5-6-7-8-9-10-11-12(13)14/h2-11H2,1H3,(H,13,14)"
734,"Dodecanoic acid, methyl ester","InChI=1S/C13H26O2/c1-3-4-5-6-7-8-9-10-11-12-13(14)15-2/h3-12H2,1-2H3"
735,Eicosane,"InChI=1S/C20H42/c1-3-5-7-9-11-13-15-17-19-20-18-16-14-12-10-8-6-4-2/h3-20H2,1-2H3"
736,Eicosanic acid,"InChI=1S/C20H40O2/c1-2-3-4-5-6-7-8-9-10-11-12-13-14-15-16-17-18-19-20(21)22/h2-19H2,1H3,(H,21,22)"
737,Ethanamine,"InChI=1S/C2H7N/c1-2-3/h2-3H2,1H3"
738,"Ethanamine, N,N-diethyl-","InChI=1S/C6H15N/c1-4-7(5-2)6-3/h4-6H2,1-3H3"
739,"Ethanamine, N-ethyl-","InChI=1S/C4H11N/c1-3-5-4-2/h5H,3-4H2,1-2H3"
740,"Ethanamine, N-ethyl-N-hydroxy-","InChI=1S/C4H11NO/c1-3-5(6)4-2/h6H,3-4H2,1-2H3"
741,"Ethane, (methylthio)-","InChI=1S/C3H8S/c1-3-4-2/h3H2,1-2H3"
742,"Ethane, 1,1'-[methylenebis(oxy)]bis-","InChI=1S/C5H12O2/c1-3-6-5-7-4-2/h3-5H2,1-2H3"
743,"Ethane, 1,1,1,2-tetrachloro-","InChI=1S/C2H2Cl4/c3-1-2(4,5)6/h1H2"
744,"Ethane, 1,1,1-trifluoro-","InChI=1S/C2H3F3/c1-2(3,4)5/h1H3"
745,"Ethane, 1,1-dichloro-","InChI=1S/C2H4Cl2/c1-2(3)4/h2H,1H3"
746,"Ethane, 1,1-diethoxy-","InChI=1S/C6H14O2/c1-4-7-6(3)8-5-2/h6H,4-5H2,1-3H3"
747,"Ethane, 1,1-dimethoxy","InChI=1S/C4H10O2/c1-4(5-2)6-3/h4H,1-3H3"
748,"Ethane, 1,1'-oxybis-","InChI=1S/C4H10O/c1-3-5-4-2/h3-4H2,1-2H3"
749,"Ethane, 1,1'-oxybis[2-ethoxy-","InChI=1S/C8H18O3/c1-3-9-5-7-11-8-6-10-4-2/h3-8H2,1-2H3"
750,"Ethane, 1,1'-oxybis[2-methoxy-","InChI=1S/C6H14O3/c1-7-3-5-9-6-4-8-2/h3-6H2,1-2H3"
751,"Ethane, 1,1'-thiobis-","InChI=1S/C4H10S/c1-3-5-4-2/h3-4H2,1-2H3"
752,"Ethane, 1,2-dichloro-",InChI=1S/C2H4Cl2/c3-1-2-4/h1-2H2
753,"Ethane, 1,2-diethoxy-","InChI=1S/C6H14O2/c1-3-7-5-6-8-4-2/h3-6H2,1-2H3"
754,"Ethane, 1,2-dimethoxy-","InChI=1S/C4H10O2/c1-5-3-4-6-2/h3-4H2,1-2H3"
755,"Ethane, 1,2-dithio-","InChI=1S/C2H6S2/c3-1-2-4/h3-4H,1-2H2"
756,"Ethane, 1-chloro-1,1-difluoro-","InChI=1S/C2H3ClF2/c1-2(3,4)5/h1H3"
757,"Ethane, bromo-","InChI=1S/C2H5Br/c1-2-3/h2H2,1H3"
758,"Ethane, chloro-","InChI=1S/C2H5Cl/c1-2-3/h2H2,1H3"
759,"Ethane, fluoro-","InChI=1S/C2H5F/c1-2-3/h2H2,1H3"
760,"Ethanedioic acid, diethyl ester","InChI=1S/C6H10O4/c1-3-9-5(7)6(8)10-4-2/h3-4H2,1-2H3"
761,Ethaneperoxoic acid,"InChI=1S/C2H4O3/c1-2(3)5-4/h4H,1H3"
762,"Ethanethioic acid, S-ethyl ester","InChI=1S/C4H8OS/c1-3-6-4(2)5/h3H2,1-2H3"
763,Ethanethiol,"InChI=1S/C2H6S/c1-2-3/h3H,2H2,1H3"
764,"Ethanethiol, 2,2'-oxybis-","InChI=1S/C4H10OS2/c6-3-1-5-2-4-7/h6-7H,1-4H2"
765,"Ethanol, 2-((2-ethylhexyl)oxy)-","InChI=1S/C10H22O2/c1-3-5-6-10(4-2)9-12-8-7-11/h10-11H,3-9H2,1-2H3"
766,"Ethanol, 2-[2-(2-butoxyethoxy)ethoxy]-","InChI=1S/C10H22O4/c1-2-3-5-12-7-9-14-10-8-13-6-4-11/h11H,2-10H2,1H3"
767,"Ethanol, 2-[2-(2-ethoxyethoxy)ethoxy]-","InChI=1S/C8H18O4/c1-2-10-5-6-12-8-7-11-4-3-9/h9H,2-8H2,1H3"
768,"Ethanol, 2-[2-(2-methoxyethoxy)ethoxy]-","InChI=1S/C7H16O4/c1-9-4-5-11-7-6-10-3-2-8/h8H,2-7H2,1H3"
769,"Ethanol, 2-(2-aminoethoxy)-","InChI=1S/C4H11NO2/c5-1-3-7-4-2-6/h6H,1-5H2"
770,"Ethanol, 2-(2-butenyloxy)-","InChI=1S/C6H12O2/c1-2-3-5-8-6-4-7/h2-3,7H,4-6H2,1H3"
771,"Ethanol, 2-(2-butoxyethoxy)-","InChI=1S/C8H18O3/c1-2-3-5-10-7-8-11-6-4-9/h9H,2-8H2,1H3"
772,"Ethanol, 2-(2-butoxyethoxy)-, acetate","InChI=1S/C10H20O4/c1-3-4-5-12-6-7-13-8-9-14-10(2)11/h3-9H2,1-2H3"
773,"Ethanol, 2-(2-ethoxyethoxy)-","InChI=1S/C6H14O3/c1-2-8-5-6-9-4-3-7/h7H,2-6H2,1H3"
774,"Ethanol, 2-(2-ethoxyethoxy)-, acetate","InChI=1S/C8H16O4/c1-3-10-4-5-11-6-7-12-8(2)9/h3-7H2,1-2H3"
775,"Ethanol, 2-(2-methoxyethoxy)-","InChI=1S/C5H12O3/c1-7-4-5-8-3-2-6/h6H,2-5H2,1H3"
776,"Ethanol, 2-(diethylamino)-","InChI=1S/C6H15NO/c1-3-7(4-2)5-6-8/h8H,3-6H2,1-2H3"
777,"Ethanol, 2-(dimethylamino)-","InChI=1S/C4H11NO/c1-5(2)3-4-6/h6H,3-4H2,1-2H3"
778,"Ethanol, 2-(ethylthio)-","InChI=1S/C4H10OS/c1-2-6-4-3-5/h5H,2-4H2,1H3"
779,"Ethanol, 2-(methylamino)-","InChI=1S/C3H9NO/c1-4-2-3-5/h4-5H,2-3H2,1H3"
780,"Ethanol, 2,2'-[1,2-ethanediylbis(oxy)]bis-","InChI=1S/C6H14O4/c7-1-3-9-5-6-10-4-2-8/h7-8H,1-6H2"
781,"Ethanol, 2,2'-(methylimino)bis-","InChI=1S/C5H13NO2/c1-6(2-4-7)3-5-8/h7-8H,2-5H2,1H3"
782,"Ethanol, 2,2'-[oxybis(2,1-ethanediyloxy)]bis-","InChI=1S/C8H18O5/c9-1-3-11-5-7-13-8-6-12-4-2-10/h9-10H,1-8H2"
783,"Ethanol, 2,2',2''-nitrilotris-","InChI=1S/C6H15NO3/c8-4-1-7(2-5-9)3-6-10/h8-10H,1-6H2"
784,"Ethanol, 2,2'-iminobis-","InChI=1S/C4H11NO2/c6-3-1-5-2-4-7/h5-7H,1-4H2"
785,"Ethanol, 2,2'-oxybis-","InChI=1S/C4H10O3/c5-1-3-7-4-2-6/h5-6H,1-4H2"
786,"Ethanol, 2-[(1-methyl-2-propenyl)oxy]-","InChI=1S/C6H12O2/c1-3-6(2)8-5-4-7/h3,6-7H,1,4-5H2,2H3"
787,"Ethanol, 2-amino-","InChI=1S/C2H7NO/c3-1-2-4/h4H,1-3H2"
788,"Ethanol, 2-butoxy-","InChI=1S/C6H14O2/c1-2-3-5-8-6-4-7/h7H,2-6H2,1H3"
789,"Ethanol, 2-butoxy-, acetate","InChI=1S/C8H16O3/c1-3-4-5-10-6-7-11-8(2)9/h3-7H2,1-2H3"
790,"Ethanol, 2-chloro-","InChI=1S/C2H5ClO/c3-1-2-4/h4H,1-2H2"
791,"Ethanol, 2-ethoxy-","InChI=1S/C4H10O2/c1-2-6-4-3-5/h5H,2-4H2,1H3"
792,"Ethanol, 2-ethoxy-, acetate","InChI=1S/C6H12O3/c1-3-8-4-5-9-6(2)7/h3-5H2,1-2H3"
793,"Ethanol, 2-mercapto-","InChI=1S/C2H6OS/c3-1-2-4/h3-4H,1-2H2"
794,"Ethanol, 2-methoxy-","InChI=1S/C3H8O2/c1-5-3-2-4/h4H,2-3H2,1H3"
795,"Ethanol, 2-pentyloxy","InChI=1S/C7H16O2/c1-2-3-4-6-9-7-5-8/h8H,2-7H2,1H3"
796,"Ethanol, 2-propoxy-","InChI=1S/C5H12O2/c1-2-4-7-5-3-6/h6H,2-5H2,1H3"
797,"Ethanol, 2-[2-(hexyloxy)ethoxy]-","InChI=1S/C10H22O3/c1-2-3-4-5-7-12-9-10-13-8-6-11/h11H,2-10H2,1H3"
798,"Ethanol, 2-(hexyloxy)-","InChI=1S/C8H18O2/c1-2-3-4-5-7-10-8-6-9/h9H,2-8H2,1H3"
799,"Ethanol, 2,2'-thiobis-","InChI=1S/C4H10O2S/c5-1-3-7-4-2-6/h5-6H,1-4H2"
800,"Ethanone, 1-(2-hydroxyphenyl)-","InChI=1S/C8H8O2/c1-6(9)7-4-2-3-5-8(7)10/h2-5,10H,1H3"
801,"ethanone, 1-phenyl-","InChI=1S/C8H8O/c1-7(9)8-5-3-2-4-6-8/h2-6H,1H3"
802,"Ethene, 1,1-dichloro-",InChI=1S/C2H2Cl2/c1-2(3)4/h1H2
803,"Ethene, 1,1'-oxybis-","InChI=1S/C4H6O/c1-3-5-4-2/h3-4H,1-2H2"
804,"Ethene, bromo-","InChI=1S/C2H3Br/c1-2-3/h2H,1H2"
805,"Ethene, chloro-","InChI=1S/C2H3Cl/c1-2-3/h2H,1H2"
806,"Ethene, ethoxy-","InChI=1S/C4H8O/c1-3-5-4-2/h3H,1,4H2,2H3"
807,"Ethene, methoxy-","InChI=1S/C3H6O/c1-3-4-2/h3H,1H2,2H3"
808,"Ethene, trichloro-",InChI=1S/C2HCl3/c3-1-2(4)5/h1H
809,Fluoranthene,InChI=1S/C16H10/c1-2-8-13-12(7-1)14-9-3-5-11-6-4-10-15(13)16(11)14/h1-10H
810,Formaldehyde,InChI=1S/CH2O/c1-2/h1H2
811,"Formic acid, 1,1-dimethylethyl ester","InChI=1S/C5H10O2/c1-5(2,3)7-4-6/h4H,1-3H3"
812,"Formic acid, 1-methyl propyl ester","InChI=1S/C5H10O2/c1-3-5(2)7-4-6/h4-5H,3H2,1-2H3"
813,"Formic acid, 2-methylpropyl ester","InChI=1S/C5H10O2/c1-5(2)3-7-4-6/h4-5H,3H2,1-2H3"
814,"Formic acid, butyl ester","InChI=1S/C5H10O2/c1-2-3-4-7-5-6/h5H,2-4H2,1H3"
815,"Formic acid, cyclohexyl ester","InChI=1S/C7H12O2/c8-6-9-7-4-2-1-3-5-7/h6-7H,1-5H2"
816,"Formic acid, decyl ester","InChI=1S/C11H22O2/c1-2-3-4-5-6-7-8-9-10-13-11-12/h11H,2-10H2,1H3"
817,"Formic acid, ethenyl ester","InChI=1S/C3H4O2/c1-2-5-3-4/h2-3H,1H2"
818,"Formic acid, ethyl ester","InChI=1S/C3H6O2/c1-2-5-3-4/h3H,2H2,1H3"
819,"Formic acid, heptyl ester","InChI=1S/C8H16O2/c1-2-3-4-5-6-7-10-8-9/h8H,2-7H2,1H3"
820,"Formic acid, hexyl ester","InChI=1S/C7H14O2/c1-2-3-4-5-6-9-7-8/h7H,2-6H2,1H3"
821,"Formic acid, methyl ester","InChI=1S/C2H4O2/c1-4-2-3/h2H,1H3"
822,"Formic acid, nonyl ester","InChI=1S/C10H20O2/c1-2-3-4-5-6-7-8-9-12-10-11/h10H,2-9H2,1H3"
823,"Formic acid, octyl ester","InChI=1S/C9H18O2/c1-2-3-4-5-6-7-8-11-9-10/h9H,2-8H2,1H3"
824,"Formic acid, pentyl ester","InChI=1S/C6H12O2/c1-2-3-4-5-8-6-7/h6H,2-5H2,1H3"
825,"Formic acid, phenylmethyl ester","InChI=1S/C8H8O2/c9-7-10-6-8-4-2-1-3-5-8/h1-5,7H,6H2"
826,"Formic acid, propyl ester","InChI=1S/C4H8O2/c1-2-3-6-4-5/h4H,2-3H2,1H3"
827,Furan,InChI=1S/C4H4O/c1-2-4-5-3-1/h1-4H
828,"Furan, 2,3-dihydro-","InChI=1S/C4H6O/c1-2-4-5-3-1/h1,3H,2,4H2"
829,"Furan, tetrahydro-",InChI=1S/C4H8O/c1-2-4-5-3-1/h1-4H2
830,Heneicosane,"InChI=1S/C21H44/c1-3-5-7-9-11-13-15-17-19-21-20-18-16-14-12-10-8-6-4-2/h3-21H2,1-2H3"
831,Heptadecane,"InChI=1S/C17H36/c1-3-5-7-9-11-13-15-17-16-14-12-10-8-6-4-2/h3-17H2,1-2H3"
832,Heptadecanoic acid,"InChI=1S/C17H34O2/c1-2-3-4-5-6-7-8-9-10-11-12-13-14-15-16-17(18)19/h2-16H2,1H3,(H,18,19)"
833,Heptanal,"InChI=1S/C7H14O/c1-2-3-4-5-6-7-8/h7H,2-6H2,1H3"
834,Heptane,"InChI=1S/C7H16/c1-3-5-7-6-4-2/h3-7H2,1-2H3"
835,"Heptane, 1-bromo","InChI=1S/C7H15Br/c1-2-3-4-5-6-7-8/h2-7H2,1H3"
836,"Heptane, 2,2-dimethyl-","InChI=1S/C9H20/c1-5-6-7-8-9(2,3)4/h5-8H2,1-4H3"
837,"Heptane, 2,6-dimethyl-","InChI=1S/C9H20/c1-8(2)6-5-7-9(3)4/h8-9H,5-7H2,1-4H3"
838,"Heptane, 2-methyl-","InChI=1S/C8H18/c1-4-5-6-7-8(2)3/h8H,4-7H2,1-3H3"
839,"Heptane, 3,3,5-trimethyl-","InChI=1S/C10H22/c1-6-9(3)8-10(4,5)7-2/h9H,6-8H2,1-5H3"
840,"Heptane, 3-methyl-","InChI=1S/C8H18/c1-4-6-7-8(3)5-2/h8H,4-7H2,1-3H3"
841,"Heptane, 3-methylene-","InChI=1S/C8H16/c1-4-6-7-8(3)5-2/h3-7H2,1-2H3"
842,"Heptane, 4-methyl-","InChI=1S/C8H18/c1-4-6-8(3)7-5-2/h8H,4-7H2,1-3H3"
843,Heptanedioic acid,"InChI=1S/C7H12O4/c8-6(9)4-2-1-3-5-7(10)11/h1-5H2,(H,8,9)(H,10,11)"
844,Heptanoic acid,"InChI=1S/C7H14O2/c1-2-3-4-5-6-7(8)9/h2-6H2,1H3,(H,8,9)"
845,"Heptasiloxane, hexadecamethyl-","InChI=1S/C16H48O6Si7/c1-23(2,3)17-25(7,8)19-27(11,12)21-29(15,16)22-28(13,14)20-26(9,10)18-24(4,5)6/h1-16H3"
846,"Heptene, 2-methyl-","InChI=1S/C8H16/c1-4-5-6-7-8(2)3/h2,4-7H2,1,3H3"
847,"Heptene, 6-methyl-","InChI=1S/C8H16/c1-4-5-6-7-8(2)3/h4,8H,1,5-7H2,2-3H3"
848,Hexadecane,"InChI=1S/C16H34/c1-3-5-7-9-11-13-15-16-14-12-10-8-6-4-2/h3-16H2,1-2H3"
849,Hexadecanoic acid,"InChI=1S/C16H32O2/c1-2-3-4-5-6-7-8-9-10-11-12-13-14-15-16(17)18/h2-15H2,1H3,(H,17,18)"
850,Hexamethyldisiloxane,"InChI=1S/C6H18OSi2/c1-8(2,3)7-9(4,5)6/h1-6H3"
851,Hexanal,"InChI=1S/C6H12O/c1-2-3-4-5-6-7/h6H,2-5H2,1H3"
852,"Hexanal, 2-ethyl-","InChI=1S/C8H16O/c1-3-5-6-8(4-2)7-9/h7-8H,3-6H2,1-2H3"
853,"Hexanal, 2-methyl-","InChI=1S/C7H14O/c1-3-4-5-7(2)6-8/h6-7H,3-5H2,1-2H3"
854,"Hexanal, 3-methyl-","InChI=1S/C7H14O/c1-3-4-7(2)5-6-8/h6-7H,3-5H2,1-2H3"
855,Hexane,"InChI=1S/C6H14/c1-3-5-6-4-2/h3-6H2,1-2H3"
856,"Hexane, 1,1'-oxybis-","InChI=1S/C12H26O/c1-3-5-7-9-11-13-12-10-8-6-4-2/h3-12H2,1-2H3"
857,"Hexane, 1,6-diisocyanato",InChI=1S/C8H12N2O2/c11-7-9-5-3-1-2-4-6-10-8-12/h1-6H2
858,"Hexane, 1-ethoxy-","InChI=1S/C8H18O/c1-3-5-6-7-8-9-4-2/h3-8H2,1-2H3"
859,"Hexane, 2,2,3,3-tetramethyl-","InChI=1S/C10H22/c1-7-8-10(5,6)9(2,3)4/h7-8H2,1-6H3"
860,"Hexane, 2,2,5,5-tetramethyl-","InChI=1S/C10H22/c1-9(2,3)7-8-10(4,5)6/h7-8H2,1-6H3"
861,"Hexane, 2,2,5-trimethyl-","InChI=1S/C9H20/c1-8(2)6-7-9(3,4)5/h8H,6-7H2,1-5H3"
862,"Hexane, 2,2-dimethyl-","InChI=1S/C8H18/c1-5-6-7-8(2,3)4/h5-7H2,1-4H3"
863,"Hexane, 2,3-dimethyl-","InChI=1S/C8H18/c1-5-6-8(4)7(2)3/h7-8H,5-6H2,1-4H3"
864,"Hexane, 2,4-dimethyl-","InChI=1S/C8H18/c1-5-8(4)6-7(2)3/h7-8H,5-6H2,1-4H3"
865,"Hexane, 2,5-dimethyl-","InChI=1S/C8H18/c1-7(2)5-6-8(3)4/h7-8H,5-6H2,1-4H3"
866,"Hexane, 2-methyl-","InChI=1S/C7H16/c1-4-5-6-7(2)3/h7H,4-6H2,1-3H3"
867,"Hexane, 3,3-dimethyl-","InChI=1S/C8H18/c1-5-7-8(3,4)6-2/h5-7H2,1-4H3"
868,"Hexane, 3,4-dimethyl-","InChI=1S/C8H18/c1-5-7(3)8(4)6-2/h7-8H,5-6H2,1-4H3"
869,"Hexane, 3-ethyl-","InChI=1S/C8H18/c1-4-7-8(5-2)6-3/h8H,4-7H2,1-3H3"
870,"Hexane, 3-methyl-","InChI=1S/C7H16/c1-4-6-7(3)5-2/h7H,4-6H2,1-3H3"
871,"Hexane,2,4,4-trimethyl-","InChI=1S/C9H20/c1-6-9(4,5)7-8(2)3/h8H,6-7H2,1-5H3"
872,Hexanedioic acid,"InChI=1S/C6H10O4/c7-5(8)3-1-2-4-6(9)10/h1-4H2,(H,7,8)(H,9,10)"
873,"Hexanedioic acid, bis(2-ethylhexyl)ester","InChI=1S/C22H42O4/c1-5-9-13-19(7-3)17-25-21(23)15-11-12-16-22(24)26-18-20(8-4)14-10-6-2/h19-20H,5-18H2,1-4H3"
874,"Hexanedioic acid, dihexyl ester","InChI=1S/C18H34O4/c1-3-5-7-11-15-21-17(19)13-9-10-14-18(20)22-16-12-8-6-4-2/h3-16H2,1-2H3"
875,"Hexanedioic acid, dioctyl ester","InChI=1S/C22H42O4/c1-3-5-7-9-11-15-19-25-21(23)17-13-14-18-22(24)26-20-16-12-10-8-6-4-2/h3-20H2,1-2H3"
876,Hexanenitrile,"InChI=1S/C6H11N/c1-2-3-4-5-6-7/h2-5H2,1H3"
877,"Hexanenitrile, 6-amino-","InChI=1S/C6H12N2/c7-5-3-1-2-4-6-8/h1-5,7H2"
878,Hexanoic acid,"InChI=1S/C6H12O2/c1-2-3-4-5-6(7)8/h2-5H2,1H3,(H,7,8)"
879,"Hexanoic acid, 2-ethyl-","InChI=1S/C8H16O2/c1-3-5-6-7(4-2)8(9)10/h7H,3-6H2,1-2H3,(H,9,10)"
880,"Hexanoic acid, 2-hydroxy-","InChI=1S/C6H12O3/c1-2-3-4-5(7)6(8)9/h5,7H,2-4H2,1H3,(H,8,9)"
881,"Hexanoic acid, 2-methyl-","InChI=1S/C7H14O2/c1-3-4-5-6(2)7(8)9/h6H,3-5H2,1-2H3,(H,8,9)"
882,"Hexanoic acid, 6-hydroxy-","InChI=1S/C6H12O3/c7-5-3-1-2-4-6(8)9/h7H,1-5H2,(H,8,9)"
883,"Hexasiloxane, tetradecamethyl-","InChI=1S/C14H42O5Si6/c1-20(2,3)15-22(7,8)17-24(11,12)19-25(13,14)18-23(9,10)16-21(4,5)6/h1-14H3"
884,"Hexene, 2,3-dimethyl-","InChI=1S/C8H16/c1-5-6-8(4)7(2)3/h8H,2,5-6H2,1,3-4H3"
885,"Hexene, 5-methyl-","InChI=1S/C7H14/c1-4-5-6-7(2)3/h4,7H,1,5-6H2,2-3H3"
886,"Hydroperoxide, 1-methyl-1-phenylethyl","InChI=1S/C9H12O2/c1-9(2,11-10)8-6-4-3-5-7-8/h3-7,10H,1-2H3"
887,"Hydroperoxide, 1-phenylethyl","InChI=1S/C8H10O2/c1-7(10-9)8-5-3-2-4-6-8/h2-7,9H,1H3"
888,"Hydroperoxide, butyl","InChI=1S/C4H10O2/c1-2-3-4-6-5/h5H,2-4H2,1H3"
889,"Hydroperoxide, cyclohexyl","InChI=1S/C6H12O2/c7-8-6-4-2-1-3-5-6/h6-7H,1-5H2"
890,"Hydroperoxide,1-methyl-1-(4-methylcyclohexyl)ethyl","InChI=1S/C10H20O2/c1-8-4-6-9(7-5-8)10(2,3)12-11/h8-9,11H,4-7H2,1-3H3"
891,"Indene, 1-phenyl-","InChI=1S/C15H12/c1-2-6-12(7-3-1)15-11-10-13-8-4-5-9-14(13)15/h1-11,15H"
892,"Isobenzofuran, 1,3-dihydro-","InChI=1S/C8H8O/c1-2-4-8-6-9-5-7(8)3-1/h1-4H,5-6H2"
893,Isoprene,"InChI=1S/C5H8/c1-4-5(2)3/h4H,1-2H2,3H3"
894,Isoquinoline,InChI=1S/C9H7N/c1-2-4-9-7-10-6-5-8(9)3-1/h1-7H
895,Isoxazole,InChI=1S/C3H3NO/c1-2-4-5-3-1/h1-3H
896,"Methacrylic acid, ethyl ester","InChI=1S/C6H10O2/c1-4-8-6(7)5(2)3/h2,4H2,1,3H3"
897,Methanamine,"InChI=1S/CH5N/c1-2/h2H2,1H3"
898,"Methanamine, N,N-dimethyl-",InChI=1S/C3H9N/c1-4(2)3/h1-3H3
899,"Methanamine, N-methyl-","InChI=1S/C2H7N/c1-3-2/h3H,1-2H3"
900,"Methane, bromo-",InChI=1S/CH3Br/c1-2/h1H3
901,"Methane, chloro-",InChI=1S/CH3Cl/c1-2/h1H3
902,"Methane, dichloro-",InChI=1S/CH2Cl2/c2-1-3/h1H2
903,"Methane, dimethoxy-","InChI=1S/C3H8O2/c1-4-3-5-2/h3H2,1-2H3"
904,"Methane, iodo-",InChI=1S/CH3I/c1-2/h1H3
905,"Methane, oxybis-",InChI=1S/C2H6O/c1-3-2/h1-2H3
906,"Methane, oxybis[chloro-",InChI=1S/C2H4Cl2O/c3-1-5-2-4/h1-2H2
907,"Methane, chloromethoxy-","InChI=1S/C2H5ClO/c1-4-2-3/h2H2,1H3"
908,Methanethiol,"InChI=1S/CH4S/c1-2/h2H,1H3"
909,Methanol,"InChI=1S/CH4O/c1-2/h2H,1H3"
910,"Methanone, diphenyl-",InChI=1S/C13H10O/c14-13(11-7-3-1-4-8-11)12-9-5-2-6-10-12/h1-10H
911,Methoxyethane,"InChI=1S/C3H8O/c1-3-4-2/h3H2,1-2H3"
912,Morpholine,"InChI=1S/C4H9NO/c1-3-6-4-2-5-1/h5H,1-4H2"
913,"Naphthalene, 1,2,3,4-tetrahydro-","InChI=1S/C10H12/c1-2-6-10-8-4-3-7-9(10)5-1/h1-2,5-6H,3-4,7-8H2"
914,"Naphthalene, 1,5-diisocyanato-",InChI=1S/C12H6N2O2/c15-7-13-11-5-1-3-9-10(11)4-2-6-12(9)14-8-16/h1-6H
915,"Naphthalene, 1-butyl-","InChI=1S/C14H16/c1-2-3-7-12-9-6-10-13-8-4-5-11-14(12)13/h4-6,8-11H,2-3,7H2,1H3"
916,"Naphthalene, 1-chloro-",InChI=1S/C10H7Cl/c11-10-7-3-5-8-4-1-2-6-9(8)10/h1-7H
917,"Naphthalene, 1-decyl-","InChI=1S/C20H28/c1-2-3-4-5-6-7-8-9-13-18-15-12-16-19-14-10-11-17-20(18)19/h10-12,14-17H,2-9,13H2,1H3"
918,"Naphthalene, 1-ethyl-","InChI=1S/C12H12/c1-2-10-7-5-8-11-6-3-4-9-12(10)11/h3-9H,2H2,1H3"
919,"Naphthalene, 1-hexyl-","InChI=1S/C16H20/c1-2-3-4-5-9-14-11-8-12-15-10-6-7-13-16(14)15/h6-8,10-13H,2-5,9H2,1H3"
920,"Naphthalene, 1-hexyl-1,2,3,4-tetrahydro-","InChI=1S/C16H24/c1-2-3-4-5-9-14-11-8-12-15-10-6-7-13-16(14)15/h6-7,10,13-14H,2-5,8-9,11-12H2,1H3"
921,"Naphthalene, 1-methyl-","InChI=1S/C11H10/c1-9-5-4-7-10-6-2-3-8-11(9)10/h2-8H,1H3"
922,"Naphthalene, 1-nonyl-","InChI=1S/C19H26/c1-2-3-4-5-6-7-8-12-17-14-11-15-18-13-9-10-16-19(17)18/h9-11,13-16H,2-8,12H2,1H3"
923,"Naphthalene, 1-pentyl-","InChI=1S/C15H18/c1-2-3-4-8-13-10-7-11-14-9-5-6-12-15(13)14/h5-7,9-12H,2-4,8H2,1H3"
924,"Naphthalene, 1-phenyl-",InChI=1S/C16H12/c1-2-7-13(8-3-1)16-12-6-10-14-9-4-5-11-15(14)16/h1-12H
925,"Naphthalene, 1-propyl-","InChI=1S/C13H14/c1-2-6-11-8-5-9-12-7-3-4-10-13(11)12/h3-5,7-10H,2,6H2,1H3"
926,"Naphthalene, 2,6-diethyl-","InChI=1S/C14H16/c1-3-11-5-7-14-10-12(4-2)6-8-13(14)9-11/h5-10H,3-4H2,1-2H3"
927,"Naphthalene, 2,7-dimethyl-","InChI=1S/C12H12/c1-9-3-5-11-6-4-10(2)8-12(11)7-9/h3-8H,1-2H3"
928,"Naphthalene, 2-ethyl","InChI=1S/C12H12/c1-2-10-7-8-11-5-3-4-6-12(11)9-10/h3-9H,2H2,1H3"
929,"Naphthalene, 2-methyl-","InChI=1S/C11H10/c1-9-6-7-10-4-2-3-5-11(10)8-9/h2-8H,1H3"
930,N-Ethyl-N-methylethanamine,"InChI=1S/C5H13N/c1-4-6(3)5-2/h4-5H2,1-3H3"
931,Nonadecane,"InChI=1S/C19H40/c1-3-5-7-9-11-13-15-17-19-18-16-14-12-10-8-6-4-2/h3-19H2,1-2H3"
932,Nonadecanoic acid,"InChI=1S/C19H38O2/c1-2-3-4-5-6-7-8-9-10-11-12-13-14-15-16-17-18-19(20)21/h2-18H2,1H3,(H,20,21)"
933,Nonanal,"InChI=1S/C9H18O/c1-2-3-4-5-6-7-8-9-10/h9H,2-8H2,1H3"
934,Nonane,"InChI=1S/C9H20/c1-3-5-7-9-8-6-4-2/h3-9H2,1-2H3"
935,"Nonane, 1,1'-oxybis-","InChI=1S/C18H38O/c1-3-5-7-9-11-13-15-17-19-18-16-14-12-10-8-6-4-2/h3-18H2,1-2H3"
936,"Nonane, 2,2,4,4,6,8,8-heptamethyl-","InChI=1S/C16H34/c1-13(10-14(2,3)4)11-16(8,9)12-15(5,6)7/h13H,10-12H2,1-9H3"
937,"Nonane, 2-methyl-","InChI=1S/C10H22/c1-4-5-6-7-8-9-10(2)3/h10H,4-9H2,1-3H3"
938,"Nonane, 3-methyl-","InChI=1S/C10H22/c1-4-6-7-8-9-10(3)5-2/h10H,4-9H2,1-3H3"
939,"Nonane, 4-methyl-","InChI=1S/C10H22/c1-4-6-7-9-10(3)8-5-2/h10H,4-9H2,1-3H3"
940,"Nonane, 5-methyl","InChI=1S/C10H22/c1-4-6-8-10(3)9-7-5-2/h10H,4-9H2,1-3H3"
941,Nonanedioic acid,"InChI=1S/C9H16O4/c10-8(11)6-4-2-1-3-5-7-9(12)13/h1-7H2,(H,10,11)(H,12,13)"
942,Nonanoic acid,"InChI=1S/C9H18O2/c1-2-3-4-5-6-7-8-9(10)11/h2-8H2,1H3,(H,10,11)"
943,"Nonanoic acid, butyl ester","InChI=1S/C13H26O2/c1-3-5-7-8-9-10-11-13(14)15-12-6-4-2/h3-12H2,1-2H3"
944,Nonene,"InChI=1S/C9H18/c1-3-5-7-9-8-6-4-2/h3H,1,4-9H2,2H3"
945,"Nonene, 2-methyl-","InChI=1S/C10H20/c1-4-5-6-7-8-9-10(2)3/h2,4-9H2,1,3H3"
946,Octadecane,"InChI=1S/C18H38/c1-3-5-7-9-11-13-15-17-18-16-14-12-10-8-6-4-2/h3-18H2,1-2H3"
947,Octadecanoic acid,"InChI=1S/C18H36O2/c1-2-3-4-5-6-7-8-9-10-11-12-13-14-15-16-17-18(19)20/h2-17H2,1H3,(H,19,20)"
948,"Octadecanoic acid, butyl ester","InChI=1S/C22H44O2/c1-3-5-7-8-9-10-11-12-13-14-15-16-17-18-19-20-22(23)24-21-6-4-2/h3-21H2,1-2H3"
949,Octanal,"InChI=1S/C8H16O/c1-2-3-4-5-6-7-8-9/h8H,2-7H2,1H3"
950,"Octanal, 2-methyl-","InChI=1S/C9H18O/c1-3-4-5-6-7-9(2)8-10/h8-9H,3-7H2,1-2H3"
951,Octane,"InChI=1S/C8H18/c1-3-5-7-8-6-4-2/h3-8H2,1-2H3"
952,"Octane, 1,1'-oxybis-","InChI=1S/C16H34O/c1-3-5-7-9-11-13-15-17-16-14-12-10-8-6-4-2/h3-16H2,1-2H3"
953,"Octane, 1,1'-thiobis-","InChI=1S/C16H34S/c1-3-5-7-9-11-13-15-17-16-14-12-10-8-6-4-2/h3-16H2,1-2H3"
954,"Octane, 2,2-dimethyl-","InChI=1S/C10H22/c1-5-6-7-8-9-10(2,3)4/h5-9H2,1-4H3"
955,"Octane, 2,3-dimethyl-","InChI=1S/C10H22/c1-5-6-7-8-10(4)9(2)3/h9-10H,5-8H2,1-4H3"
956,"Octane, 2,4-dimethyl-","InChI=1S/C10H22/c1-5-6-7-10(4)8-9(2)3/h9-10H,5-8H2,1-4H3"
957,"Octane, 2,5-dimethyl-","InChI=1S/C10H22/c1-5-6-10(4)8-7-9(2)3/h9-10H,5-8H2,1-4H3"
958,"Octane, 2,6-dimethyl-","InChI=1S/C10H22/c1-5-10(4)8-6-7-9(2)3/h9-10H,5-8H2,1-4H3"
959,"Octane, 2,7-dimethyl-","InChI=1S/C10H22/c1-9(2)7-5-6-8-10(3)4/h9-10H,5-8H2,1-4H3"
960,"Octane, 2-methyl-","InChI=1S/C9H20/c1-4-5-6-7-8-9(2)3/h9H,4-8H2,1-3H3"
961,"Octane, 3-methyl-","InChI=1S/C9H20/c1-4-6-7-8-9(3)5-2/h9H,4-8H2,1-3H3"
962,"Octane, 4-methyl-","InChI=1S/C9H20/c1-4-6-8-9(3)7-5-2/h9H,4-8H2,1-3H3"
963,Octanedioic acid,"InChI=1S/C8H14O4/c9-7(10)5-3-1-2-4-6-8(11)12/h1-6H2,(H,9,10)(H,11,12)"
964,Octanoic acid,"InChI=1S/C8H16O2/c1-2-3-4-5-6-7-8(9)10/h2-7H2,1H3,(H,9,10)"
965,"Octanoic acid, 2-methyl","InChI=1S/C9H18O2/c1-3-4-5-6-7-8(2)9(10)11/h8H,3-7H2,1-2H3,(H,10,11)"
966,"Octasiloxane, octadecamethyl","InChI=1S/C18H54O7Si8/c1-26(2,3)19-28(7,8)21-30(11,12)23-32(15,16)25-33(17,18)24-31(13,14)22-29(9,10)20-27(4,5)6/h1-18H3"
967,"Octene, 2-methyl-","InChI=1S/C9H18/c1-4-5-6-7-8-9(2)3/h2,4-8H2,1,3H3"
968,Oxazole,InChI=1S/C3H3NO/c1-2-5-3-4-1/h1-3H
969,Oxetane,InChI=1S/C3H6O/c1-2-4-3-1/h1-3H2
970,"Oxirane, (phenoxymethyl)-","InChI=1S/C9H10O2/c1-2-4-8(5-3-1)10-6-9-7-11-9/h1-5,9H,6-7H2"
971,"Oxirane, [(2-propenyloxy)-methyl]","InChI=1S/C6H10O2/c1-2-3-7-4-6-5-8-6/h2,6H,1,3-5H2"
972,"Oxirane, 2,2-dimethyl-","InChI=1S/C4H8O/c1-4(2)3-5-4/h3H2,1-2H3"
973,"Oxirane, chloromethyl-","InChI=1S/C3H5ClO/c4-1-3-2-5-3/h3H,1-2H2"
974,"Oxirane, ethyl-","InChI=1S/C4H8O/c1-2-4-3-5-4/h4H,2-3H2,1H3"
975,"Oxirane, methyl-","InChI=1S/C3H6O/c1-3-2-4-3/h3H,2H2,1H3"
976,Oxiranemethanol,"InChI=1/C3H6O2/c4-1-3-2-5-3/h3-4H,1-2H2"
977,Pentadecane,"InChI=1S/C15H32/c1-3-5-7-9-11-13-15-14-12-10-8-6-4-2/h3-15H2,1-2H3"
978,Pentadecanoic acid,"InChI=1S/C15H30O2/c1-2-3-4-5-6-7-8-9-10-11-12-13-14-15(16)17/h2-14H2,1H3,(H,16,17)"
979,Pentanal,"InChI=1S/C5H10O/c1-2-3-4-5-6/h5H,2-4H2,1H3"
980,Pentane,"InChI=1S/C5H12/c1-3-5-4-2/h3-5H2,1-2H3"
981,"Pentane, 1,1'-oxybis","InChI=1S/C10H22O/c1-3-5-7-9-11-10-8-6-4-2/h3-10H2,1-2H3"
982,"Pentane, 1-chloro-","InChI=1S/C5H11Cl/c1-2-3-4-5-6/h2-5H2,1H3"
983,"Pentane, 1-methoxy-","InChI=1S/C6H14O/c1-3-4-5-6-7-2/h3-6H2,1-2H3"
984,"Pentane, 2,2,3,3,-tetramethyl-","InChI=1S/C9H20/c1-7-9(5,6)8(2,3)4/h7H2,1-6H3"
985,"Pentane, 2,2,3,4-tetramethyl-","InChI=1S/C9H20/c1-7(2)8(3)9(4,5)6/h7-8H,1-6H3"
986,"Pentane, 2,2,3,trimethyl-","InChI=1S/C8H18/c1-6-7(2)8(3,4)5/h7H,6H2,1-5H3"
987,"Pentane, 2,2,4,4-tetramethyl-","InChI=1S/C9H20/c1-8(2,3)7-9(4,5)6/h7H2,1-6H3"
988,"Pentane, 2,2,4-trimethyl-","InChI=1S/C8H18/c1-7(2)6-8(3,4)5/h7H,6H2,1-5H3"
989,"Pentane, 2,2-dimethyl-","InChI=1S/C7H16/c1-5-6-7(2,3)4/h5-6H2,1-4H3"
990,"Pentane, 2,3,3,4-tetramethyl-","InChI=1S/C9H20/c1-7(2)9(5,6)8(3)4/h7-8H,1-6H3"
991,"Pentane, 2,3,3-trimethyl-","InChI=1S/C8H18/c1-6-8(4,5)7(2)3/h7H,6H2,1-5H3"
992,"Pentane, 2,3,4-trimethyl-","InChI=1S/C8H18/c1-6(2)8(5)7(3)4/h6-8H,1-5H3"
993,"Pentane, 2,3-dimethyl-","InChI=1S/C7H16/c1-5-7(4)6(2)3/h6-7H,5H2,1-4H3"
994,"Pentane, 2,4-dimethyl-","InChI=1S/C7H16/c1-6(2)5-7(3)4/h6-7H,5H2,1-4H3"
995,"Pentane, 2-methyl-","InChI=1S/C6H14/c1-4-5-6(2)3/h6H,4-5H2,1-3H3"
996,"Pentane, 3,3-diethyl-","InChI=1S/C9H20/c1-5-9(6-2,7-3)8-4/h5-8H2,1-4H3"
997,"Pentane, 3,3-dimethyl-","InChI=1S/C7H16/c1-5-7(3,4)6-2/h5-6H2,1-4H3"
998,"Pentane, 3-ethyl-","InChI=1S/C7H16/c1-4-7(5-2)6-3/h7H,4-6H2,1-3H3"
999,"Pentane, 3-ethyl-2-methyl-","InChI=1S/C8H18/c1-5-8(6-2)7(3)4/h7-8H,5-6H2,1-4H3"
1000,"Pentane, 3-ethyl-3-methyl-","InChI=1S/C8H18/c1-5-8(4,6-2)7-3/h5-7H2,1-4H3"
1001,"Pentane, 3-methyl-","InChI=1S/C6H14/c1-4-6(3)5-2/h6H,4-5H2,1-3H3"
1002,"Pentane, 3-methylene-","InChI=1S/C6H12/c1-4-6(3)5-2/h3-5H2,1-2H3"
1003,Pentanedial,"InChI=1S/C5H8O2/c6-4-2-1-3-5-7/h4-5H,1-3H2"
1004,"Pentanedinitrile,2-methyl-","InChI=1S/C6H8N2/c1-6(5-8)3-2-4-7/h6H,2-3H2,1H3"
1005,Pentanedioic acid,"InChI=1S/C5H8O4/c6-4(7)2-1-3-5(8)9/h1-3H2,(H,6,7)(H,8,9)"
1006,Pentanenitrile,"InChI=1S/C5H9N/c1-2-3-4-5-6/h2-4H2,1H3"
1007,Pentanoic acid,"InChI=1S/C5H10O2/c1-2-3-4-5(6)7/h2-4H2,1H3,(H,6,7)"
1008,"Pentanoic acid, 2,2-dimethyl-","InChI=1S/C7H14O2/c1-4-5-7(2,3)6(8)9/h4-5H2,1-3H3,(H,8,9)"
1009,"Pentanoic acid, 4-oxo","InChI=1S/C5H8O3/c1-4(6)2-3-5(7)8/h2-3H2,1H3,(H,7,8)"
1010,"Pentanoic acid, butyl ester","InChI=1S/C9H18O2/c1-3-5-7-9(10)11-8-6-4-2/h3-8H2,1-2H3"
1011,"Peroxide, 1,1-dimethylethyl 2-propenyl","InChI=1S/C7H14O2/c1-5-6-8-9-7(2,3)4/h5H,1,6H2,2-4H3"
1012,"Peroxide, bis(1,1-dimethylethyl)","InChI=1S/C8H18O2/c1-7(2,3)9-10-8(4,5)6/h1-6H3"
1013,Phenanthrene,InChI=1S/C14H10/c1-3-7-13-11(5-1)9-10-12-6-2-4-8-14(12)13/h1-10H
1014,Phenol,"InChI=1S/C6H6O/c7-6-4-2-1-3-5-6/h1-5,7H"
1015,"Phenol, 2,3-dimethyl-","InChI=1S/C8H10O/c1-6-4-3-5-8(9)7(6)2/h3-5,9H,1-2H3"
1016,"Phenol, 2,4-dimethyl","InChI=1S/C8H10O/c1-6-3-4-8(9)7(2)5-6/h3-5,9H,1-2H3"
1017,"Phenol, 2,5-dimethyl-","InChI=1S/C8H10O/c1-6-3-4-7(2)8(9)5-6/h3-5,9H,1-2H3"
1018,"Phenol, 2,6-bis(1,1-dimethylethyl)-4-methyl-","InChI=1S/C15H24O/c1-10-8-11(14(2,3)4)13(16)12(9-10)15(5,6)7/h8-9,16H,1-7H3"
1019,"Phenol, 2,6-dimethyl-","InChI=1S/C8H10O/c1-6-4-3-5-7(2)8(6)9/h3-5,9H,1-2H3"
1020,"Phenol, 2-chloro","InChI=1S/C6H5ClO/c7-5-3-1-2-4-6(5)8/h1-4,8H"
1021,"Phenol, 2-ethyl-","InChI=1S/C8H10O/c1-2-7-5-3-4-6-8(7)9/h3-6,9H,2H2,1H3"
1022,"Phenol, 2-methoxy-","InChI=1S/C7H8O2/c1-9-7-5-3-2-4-6(7)8/h2-5,8H,1H3"
1023,"Phenol, 2-methyl-","InChI=1S/C7H8O/c1-6-4-2-3-5-7(6)8/h2-5,8H,1H3"
1024,"Phenol, 3-chloro","InChI=1S/C6H5ClO/c7-5-2-1-3-6(8)4-5/h1-4,8H"
1025,"Phenol, 3-ethyl","InChI=1S/C8H10O/c1-2-7-4-3-5-8(9)6-7/h3-6,9H,2H2,1H3"
1026,"Phenol, 3-methyl-","InChI=1S/C7H8O/c1-6-3-2-4-7(8)5-6/h2-5,8H,1H3"
1027,"Phenol, 3-methyl-4-(1-methylethyl)","InChI=1S/C10H14O/c1-7(2)10-5-4-9(11)6-8(10)3/h4-7,11H,1-3H3"
1028,"Phenol, 3-methyl-5-(1-methylethyl)","InChI=1S/C10H14O/c1-7(2)9-4-8(3)5-10(11)6-9/h4-7,11H,1-3H3"
1029,"Phenol, 4-(1,1,3,3-tetramethylbutyl)-","InChI=1S/C14H22O/c1-13(2,3)10-14(4,5)11-6-8-12(15)9-7-11/h6-9,15H,10H2,1-5H3"
1030,"Phenol, 4-(1,1-dimethyl propyl)","InChI=1S/C11H16O/c1-4-11(2,3)9-5-7-10(12)8-6-9/h5-8,12H,4H2,1-3H3"
1031,"Phenol, 4-(1,1-dimethylethyl)-","InChI=1S/C10H14O/c1-10(2,3)8-4-6-9(11)7-5-8/h4-7,11H,1-3H3"
1032,"Phenol, 4-(1-methyl-1-phenylethyl)","InChI=1S/C15H16O/c1-15(2,12-6-4-3-5-7-12)13-8-10-14(16)11-9-13/h3-11,16H,1-2H3"
1033,"Phenol, 4-chloro-","InChI=1S/C6H5ClO/c7-5-1-3-6(8)4-2-5/h1-4,8H"
1034,"Phenol, 4-ethyl-","InChI=1S/C8H10O/c1-2-7-3-5-8(9)6-4-7/h3-6,9H,2H2,1H3"
1035,"Phenol, 4-methyl-","InChI=1S/C7H8O/c1-6-2-4-7(8)5-3-6/h2-5,8H,1H3"
1036,"Phenol, 5-methyl-2-(1-methylethyl)-","InChI=1S/C10H14O/c1-7(2)9-5-4-8(3)6-10(9)11/h4-7,11H,1-3H3"
1037,"Phenol, nonyl-","InChI=1S/C15H24O/c1-2-3-4-5-6-7-8-9-14-10-12-15(16)13-11-14/h10-13,16H,2-9H2,1H3"
1038,"Phosphine, triphenyl-",InChI=1S/C18H15P/c1-4-10-16(11-5-1)19(17-12-6-2-7-13-17)18-14-8-3-9-15-18/h1-15H
1039,"Phosphoric acid, triphenyl ester","InChI=1S/C18H15O4P/c19-23(20-16-10-4-1-5-11-16,21-17-12-6-2-7-13-17)22-18-14-8-3-9-15-18/h1-15H"
1040,"Phosphoric acid, tris(2-methylphenyl) ester","InChI=1S/C21H21O4P/c1-16-10-4-7-13-19(16)23-26(22,24-20-14-8-5-11-17(20)2)25-21-15-9-6-12-18(21)3/h4-15H,1-3H3"
1041,Piperidine,"InChI=1S/C5H11N/c1-2-4-6-5-3-1/h6H,1-5H2"
1042,"Propan-2-ol, 1-[2-(tert-butoxy)-isopropoxy]","InChI=1S/C10H22O3/c1-8(2)12-6-9(11)7-13-10(3,4)5/h8-9,11H,6-7H2,1-5H3"
1043,Propanal,"InChI=1S/C3H6O/c1-2-3-4/h3H,2H2,1H3"
1044,"Propanal, 2-methyl-","InChI=1S/C4H8O/c1-4(2)3-5/h3-4H,1-2H3"
1045,"Propanal, 3-(methylthio)-","InChI=1S/C4H8OS/c1-6-4-2-3-5/h3H,2,4H2,1H3"
1046,"Propanal, 3-hydroxy-2-methyl","InChI=1S/C4H8O2/c1-4(2-5)3-6/h2,4,6H,3H2,1H3"
1047,Propane,"InChI=1S/C3H8/c1-3-2/h3H2,1-2H3"
1048,"Propane, 1-(methylthio)-","InChI=1S/C4H10S/c1-3-4-5-2/h3-4H2,1-2H3"
1049,"Propane, 1,1'-oxybis-","InChI=1S/C6H14O/c1-3-5-7-6-4-2/h3-6H2,1-2H3"
1050,"Propane, 1,1'-oxybis[2-methyl-","InChI=1S/C8H18O/c1-7(2)5-9-6-8(3)4/h7-8H,5-6H2,1-4H3"
1051,"Propane, 1,2 dichloro-","InChI=1S/C3H6Cl2/c1-3(5)2-4/h3H,2H2,1H3"
1052,"Propane, 1,2-dimethoxy-","InChI=1S/C5H12O2/c1-5(7-3)4-6-2/h5H,4H2,1-3H3"
1053,"Propane, 1,3-dichloro-",InChI=1S/C3H6Cl2/c4-2-1-3-5/h1-3H2
1054,"Propane, 1-bromo-","InChI=1S/C3H7Br/c1-2-3-4/h2-3H2,1H3"
1055,"Propane, 1-chloro-","InChI=1S/C3H7Cl/c1-2-3-4/h2-3H2,1H3"
1056,"Propane, 1-chloro-2-methyl-","InChI=1S/C4H9Cl/c1-4(2)3-5/h4H,3H2,1-2H3"
1057,"Propane, 1-ethoxy-","InChI=1S/C5H12O/c1-3-5-6-4-2/h3-5H2,1-2H3"
1058,"Propane, 1-ethoxy-2-methyl","InChI=1S/C6H14O/c1-4-7-5-6(2)3/h6H,4-5H2,1-3H3"
1059,"Propane, 1-iodo-","InChI=1S/C3H7I/c1-2-3-4/h2-3H2,1H3"
1060,"Propane, 1-methoxy-","InChI=1S/C4H10O/c1-3-4-5-2/h3-4H2,1-2H3"
1061,"Propane, 1-methoxy-2-methyl-","InChI=1S/C5H12O/c1-5(2)4-6-3/h5H,4H2,1-3H3"
1062,"Propane, 2-(1,1-dimethylethoxy)-1-[2-(1,1-dimethylethoxy)-1-methylethoxy]-","InChI=1S/C14H30O3/c1-11(10-16-13(3,4)5)15-9-12(2)17-14(6,7)8/h11-12H,9-10H2,1-8H3"
1063,"Propane, 2-(ethylthio)-2-methyl-","InChI=1S/C6H14S/c1-5-7-6(2,3)4/h5H2,1-4H3"
1064,"Propane, 2-(methylthio)-","InChI=1S/C4H10S/c1-4(2)5-3/h4H,1-3H3"
1065,"Propane, 2,2'-oxybis-","InChI=1S/C6H14O/c1-5(2)7-6(3)4/h5-6H,1-4H3"
1066,"Propane, 2,2'-oxybis(2-methyl-","InChI=1S/C8H18O/c1-7(2,3)9-8(4,5)6/h1-6H3"
1067,"Propane, 2-chloro-","InChI=1S/C3H7Cl/c1-3(2)4/h3H,1-2H3"
1068,"Propane, 2-ethoxy-","InChI=1S/C5H12O/c1-4-6-5(2)3/h5H,4H2,1-3H3"
1069,"Propane, 2-ethoxy-2-methyl-","InChI=1S/C6H14O/c1-5-7-6(2,3)4/h5H2,1-4H3"
1070,"Propane, 2-methoxy-","InChI=1S/C4H10O/c1-4(2)5-3/h4H,1-3H3"
1071,"Propane, 2-methoxy-2-methyl-","InChI=1S/C5H12O/c1-5(2,3)6-4/h1-4H3"
1072,"Propane, 2-methyl-","InChI=1S/C4H10/c1-4(2)3/h4H,1-3H3"
1073,"Propane, 2-methyl-1-(1-methylethoxy)-","InChI=1S/C7H16O/c1-6(2)5-8-7(3)4/h6-7H,5H2,1-4H3"
1074,"Propane, 2-methyl-2-(methylthio)-","InChI=1S/C5H12S/c1-5(2,3)6-4/h1-4H3"
1075,"Propane,1,1'-thiobis-","InChI=1S/C6H14S/c1-3-5-7-6-4-2/h3-6H2,1-2H3"
1076,"Propane,2,2'-thiobis [2-methyl","InChI=1S/C8H18S/c1-7(2,3)9-8(4,5)6/h1-6H3"
1077,Propane-2-thiol,"InChI=1S/C3H8S/c1-3(2)4/h3-4H,1-2H3"
1078,Propanedinitrile,InChI=1S/C3H2N2/c4-2-1-3-5/h1H2
1079,"propanedioic acid, diethyl ester","InChI=1S/C7H12O4/c1-3-10-6(8)5-7(9)11-4-2/h3-5H2,1-2H3"
1080,"Propanedioic acid, dimethyl ester","InChI=1S/C5H8O4/c1-8-4(6)3-5(7)9-2/h3H2,1-2H3"
1081,Propanenitrile,"InChI=1S/C3H5N/c1-2-3-4/h2H2,1H3"
1082,"Propanenitrile, 2-hydroxy-","InChI=1S/C3H5NO/c1-3(5)2-4/h3,5H,1H3"
1083,"Propanenitrile, 2-hydroxy-2-methyl-","InChI=1S/C4H7NO/c1-4(2,6)3-5/h6H,1-2H3"
1084,"Propanenitrile, 2-methyl-","InChI=1S/C4H7N/c1-4(2)3-5/h4H,1-2H3"
1085,"Propanoic acid, 2-(2-hydroxy-1-oxopropoxy)-1-carboxyethyl e","InChI=1S/C9H14O7/c1-4(7(11)12)6(8(13)14)3-16-9(15)5(2)10/h4-6,10H,3H2,1-2H3,(H,11,12)(H,13,14)"
1086,"Propanoic acid, 2,2-dimethyl-","InChI=1S/C5H10O2/c1-5(2,3)4(6)7/h1-3H3,(H,6,7)"
1087,"Propanoic acid, 2,2-dimethyl-, ethenyl ester","InChI=1S/C7H12O2/c1-5-9-6(8)7(2,3)4/h5H,1H2,2-4H3"
1088,"Propanoic acid, 2-hydroxy-, methyl ester","InChI=1S/C4H8O3/c1-3(5)4(6)7-2/h3,5H,1-2H3"
1089,"Propanoic acid,2-hydroxy-,(+-)-","InChI=1S/C3H6O3/c1-2(4)3(5)6/h2,4H,1H3,(H,5,6)"
1090,"Propanoic acid, 2-hydroxy-2-methyl-","InChI=1S/C4H8O3/c1-4(2,7)3(5)6/h7H,1-2H3,(H,5,6)"
1091,"Propanoic acid, 2-methyl-","InChI=1S/C4H8O2/c1-3(2)4(5)6/h3H,1-2H3,(H,5,6)"
1092,"Propanoic acid, 2-methyl-, 2,2-dimethyl-1-(1-methylethyl)-1,3-propanediyl ester","InChI=1S/C16H30O4/c1-10(2)13(20-15(18)12(5)6)16(7,8)9-19-14(17)11(3)4/h10-13H,9H2,1-8H3"
1093,"Propanoic acid, 2-methyl-, 2-methylpropyl ester","InChI=1S/C8H16O2/c1-6(2)5-10-8(9)7(3)4/h6-7H,5H2,1-4H3"
1094,"Propanoic acid, 2-methyl-, ethyl ester","InChI=1S/C6H12O2/c1-4-8-6(7)5(2)3/h5H,4H2,1-3H3"
1095,"Propanoic acid, 2-methyl-, methyl ester","InChI=1S/C5H10O2/c1-4(2)5(6)7-3/h4H,1-3H3"
1096,"Propanoic acid, 2-methyl-, propyl ester","InChI=1S/C7H14O2/c1-4-5-9-7(8)6(2)3/h6H,4-5H2,1-3H3"
1097,"Propanoic acid, 2-oxy-","InChI=1S/C3H6O3/c1-2(4)3(5)6/h2,4H,1H3,(H,5,6)"
1098,"Propanoic acid, 3-ethoxy-, ethyl ester","InChI=1S/C7H14O3/c1-3-9-6-5-7(8)10-4-2/h3-6H2,1-2H3"
1099,"Propanoic acid, 3-mercapto-","InChI=1S/C3H6O2S/c4-3(5)1-2-6/h6H,1-2H2,(H,4,5)"
1100,"Propanoic acid, anhydride","InChI=1S/C6H10O3/c1-3-5(7)9-6(8)4-2/h3-4H2,1-2H3"
1101,"Propanoic acid, butyl ester","InChI=1S/C7H14O2/c1-3-5-6-9-7(8)4-2/h3-6H2,1-2H3"
1102,"Propanoic acid, ethenyl ester","InChI=1S/C5H8O2/c1-3-5(6)7-4-2/h4H,2-3H2,1H3"
1103,"Propanoic acid, Ethyl ester","InChI=1S/C5H10O2/c1-3-5(6)7-4-2/h3-4H2,1-2H3"
1104,"Propanoic acid, methyl ester","InChI=1S/C4H8O2/c1-3-4(5)6-2/h3H2,1-2H3"
1105,"Propanoic acid, propyl ester","InChI=1S/C6H12O2/c1-3-5-8-6(7)4-2/h3-5H2,1-2H3"
1106,"Propanol, (2-(1,1-dimethylethoxy)methylethoxy)-","InChI=1S/C10H22O3/c1-10(2,3)13-9-5-8-12-7-4-6-11/h11H,4-9H2,1-3H3"
1107,"Propanol, (2-methoxy-methylethoxy)-, acetate-","InChI=1S/C9H18O4/c1-7(5-11-4)12-6-8(2)13-9(3)10/h7-8H,5-6H2,1-4H3"
1108,"Propanol, [2-(2-ethoxymethylethoxy)-methylethoxy]-","InChI=1S/C11H24O4/c1-3-13-6-4-7-14-8-5-9-15-11(2)10-12/h11-12H,3-10H2,1-2H3"
1109,"Propanol, oxybis-","InChI=1S/C6H14O3/c1-3-5(7)9-6(8)4-2/h5-8H,3-4H2,1-2H3"
1110,"Propene, 2,3-dichloro-",InChI=1S/C3H4Cl2/c1-3(5)2-4/h1-2H2
1111,Pyrene,InChI=1S/C16H10/c1-3-11-7-9-13-5-2-6-14-10-8-12(4-1)15(11)16(13)14/h1-10H
1112,Pyridine,InChI=1S/C5H5N/c1-2-4-6-5-3-1/h1-5H
1113,"Pyridine, 2,4,6-trimethyl-","InChI=1S/C8H11N/c1-6-4-7(2)9-8(3)5-6/h4-5H,1-3H3"
1114,"Pyridine, 2,6-dimethyl-","InChI=1S/C7H9N/c1-6-4-3-5-7(2)8-6/h3-5H,1-2H3"
1115,"Pyridine, 2-methyl-","InChI=1S/C6H7N/c1-6-4-2-3-5-7-6/h2-5H,1H3"
1116,"Pyridine, 3-methyl-","InChI=1S/C6H7N/c1-6-3-2-4-7-5-6/h2-5H,1H3"
1117,"Pyridine, 4-methyl-","InChI=1S/C6H7N/c1-6-2-4-7-5-3-6/h2-5H,1H3"
1118,Pyrimidine,InChI=1S/C4H4N2/c1-2-5-4-6-3-1/h1-4H
1119,Pyrrolidine,"InChI=1S/C4H9N/c1-2-4-5-3-1/h5H,1-4H2"
1120,"Pyrrolidine, 1-methyl-","InChI=1S/C5H11N/c1-6-4-2-3-5-6/h2-5H2,1H3"
1121,Quinoline,InChI=1S/C9H7N/c1-2-6-9-8(4-1)5-3-7-10-9/h1-7H
1122,"Quinoline, 2-methyl-","InChI=1S/C10H9N/c1-8-6-7-9-4-2-3-5-10(9)11-8/h2-7H,1H3"
1126,"Silane, chlorodimethyl-","InChI=1S/C2H7ClSi/c1-4(2)3/h4H,1-2H3"
1127,"Silane, chloromethyl-","InChI=1S/CH5ClSi/c1-3-2/h3H2,1H3"
1128,"Silane, dichloro-",InChI=1S/Cl2H2Si/c1-3-2/h3H2
1129,"Silane, dichlorodiphenyl","InChI=1S/C12H10Cl2Si/c13-15(14,11-7-3-1-4-8-11)12-9-5-2-6-10-12/h1-10H"
1130,"Silane, dichloromethyl-","InChI=1S/CH4Cl2Si/c1-4(2)3/h4H,1H3"
1131,"Silane, dichloromethylphenyl-","InChI=1S/C7H8Cl2Si/c1-10(8,9)7-5-3-2-4-6-7/h2-6H,1H3"
1132,"Silane, dimethoxydimethyl-","InChI=1S/C4H12O2Si/c1-5-7(3,4)6-2/h1-4H3"
1133,"Silane, dimethyl-","InChI=1S/C2H8Si/c1-3-2/h3H2,1-2H3"
1134,"Silane, ethenyltrimethoxy","InChI=1S/C5H12O3Si/c1-5-9(6-2,7-3)8-4/h5H,1H2,2-4H3"
1135,"Silane, trichloro-",InChI=1S/Cl3HSi/c1-4(2)3/h4H
1136,"Silane, trichloroethenyl-","InChI=1S/C2H3Cl3Si/c1-2-6(3,4)5/h2H,1H2"
1137,"Silane, trichlorophenyl","InChI=1S/C6H5Cl3Si/c7-10(8,9)6-4-2-1-3-5-6/h1-5H"
1138,"Silane, trimethoxy-","InChI=1S/C3H10O3Si/c1-4-7(5-2)6-3/h7H,1-3H3"
1139,"Silane, trimethyl-","InChI=1S/C3H10Si/c1-4(2)3/h4H,1-3H3"
1140,"Silicic acid, tetraethyl ester","InChI=1S/C8H20O4Si/c1-5-9-13(10-6-2,11-7-3)12-8-4/h5-8H2,1-4H3"
1141,"Stigmasta-5,22-dien-3-ol, (3beta,22e)-","InChI=1S/C29H48O/c1-7-21(19(2)3)9-8-20(4)25-12-13-26-24-11-10-22-18-23(30)14-16-28(22,5)27(24)15-17-29(25,26)6/h8-10,19-21,23-27,30H,7,11-18H2,1-6H3/t20-,21-,23?,24+,25-,26+,27+,28+,29-/m1/s1"
1142,"Sulfide, ethyl octyl","InChI=1S/C10H22S/c1-3-5-6-7-8-9-10-11-4-2/h3-10H2,1-2H3"
1143,"Sulfuric acid, dibutyl ester","InChI=1S/C8H18O4S/c1-3-5-7-11-13(9,10)12-8-6-4-2/h3-8H2,1-2H3"
1144,"Sulfurous acid, diethyl ester","InChI=1S/C4H10O3S/c1-3-6-8(5)7-4-2/h3-4H2,1-2H3"
1145,tert-Dodecanethiol,"InChI=1S/C12H26S/c1-9(2)10(3,4)11(5,6)12(7,8)13/h9,13H,1-8H3"
1146,"Tetracosane, 2,6,10,15,19,23-hexamethyl-","InChI=1/C30H62/c1-25(2)15-11-19-29(7)23-13-21-27(5)17-9-10-18-28(6)22-14-24-30(8)20-12-16-26(3)4/h25-30H,9-24H2,1-8H3"
1147,Tetradecane,"InChI=1S/C14H30/c1-3-5-7-9-11-13-14-12-10-8-6-4-2/h3-14H2,1-2H3"
1148,Tetradecanoic acid,"InChI=1S/C14H28O2/c1-2-3-4-5-6-7-8-9-10-11-12-13-14(15)16/h2-13H2,1H3,(H,15,16)"
1149,"Tetradecanoic acid, 1-methylethyl ester","InChI=1S/C17H34O2/c1-4-5-6-7-8-9-10-11-12-13-14-15-17(18)19-16(2)3/h16H,4-15H2,1-3H3"
1150,Thietane,InChI=1S/C3H6S/c1-2-4-3-1/h1-3H2
1151,Thiophene,InChI=1S/C4H4S/c1-2-4-5-3-1/h1-4H
1152,"Thiophene, 2,5-dimethyl","InChI=1S/C6H8S/c1-5-3-4-6(2)7-5/h3-4H,1-2H3"
1153,"Thiophene, 2-ethyl-","InChI=1S/C6H8S/c1-2-6-4-3-5-7-6/h3-5H,2H2,1H3"
1154,"Thiophene, 2-methyl-","InChI=1S/C5H6S/c1-5-3-2-4-6-5/h2-4H,1H3"
1155,"Thiophene, 2-propyl-","InChI=1S/C7H10S/c1-2-4-7-5-3-6-8-7/h3,5-6H,2,4H2,1H3"
1156,"Thiophene, 3-ethyl-2,5-dimethyl-","InChI=1S/C8H12S/c1-4-8-5-6(2)9-7(8)3/h5H,4H2,1-3H3"
1157,"Thiophene, 3-methyl-","InChI=1S/C5H6S/c1-5-2-3-6-4-5/h2-4H,1H3"
1158,"Thiophene, tetrahydro-",InChI=1S/C4H8S/c1-2-4-5-3-1/h1-4H2
1159,"Thiophene, tetrahydro-2-methyl-","InChI=1S/C5H10S/c1-5-3-2-4-6-5/h5H,2-4H2,1H3"
1160,trans-2-Eicosene,"InChI=1S/C20H40/c1-3-5-7-9-11-13-15-17-19-20-18-16-14-12-10-8-6-4-2/h3,5H,4,6-20H2,1-2H3/b5-3+"
1161,trans-2-Pentadecene,"InChI=1S/C15H30/c1-3-5-7-9-11-13-15-14-12-10-8-6-4-2/h3,5H,4,6-15H2,1-2H3/b5-3+"
1162,trans-Crotonaldehyde,"InChI=1S/C4H6O/c1-2-3-4-5/h2-4H,1H3/b3-2+"
1163,Tridecanal,"InChI=1S/C13H26O/c1-2-3-4-5-6-7-8-9-10-11-12-13-14/h13H,2-12H2,1H3"
1164,Tridecane,"InChI=1S/C13H28/c1-3-5-7-9-11-13-12-10-8-6-4-2/h3-13H2,1-2H3"
1165,Tridecanoic acid,"InChI=1S/C13H26O2/c1-2-3-4-5-6-7-8-9-10-11-12-13(14)15/h2-12H2,1H3,(H,14,15)"
1166,"Trisiloxane, octamethyl-","InChI=1S/C8H24O2Si3/c1-11(2,3)9-13(7,8)10-12(4,5)6/h1-8H3"
1167,Undecanal,"InChI=1S/C11H22O/c1-2-3-4-5-6-7-8-9-10-11-12/h11H,2-10H2,1H3"
1168,Undecane,"InChI=1S/C11H24/c1-3-5-7-9-11-10-8-6-4-2/h3-11H2,1-2H3"
1169,"Undecane, 3-methyl-","InChI=1S/C12H26/c1-4-6-7-8-9-10-11-12(3)5-2/h12H,4-11H2,1-3H3"
1170,"Undecane, 1-amino-","InChI=1S/C11H25N/c1-2-3-4-5-6-7-8-9-10-11-12/h2-12H2,1H3"
1171,Undecanoic acid,"InChI=1S/C11H22O2/c1-2-3-4-5-6-7-8-9-10-11(12)13/h2-10H2,1H3,(H,12,13)"
